School group,School name,Funder name
5 Dimensions Trust,Emerson Valley School,OVO Foundation
5 Dimensions Trust,Merebrook Infant School,Big Give 2025
5 Dimensions Trust,Priory Rise School,MAT funding
5 Dimensions Trust,Shenley Brook End School,MAT funding
5 Dimensions Trust,The Hazeley Academy,MAT funding
5 Dimensions Trust,Walton High,MAT funding
A.C.T. Multi-Academy Trust,Buckden CofE Primary School,Drax
A.C.T. Multi-Academy Trust,Burrough Green CofE Primary Academy,Drax
A.C.T. Multi-Academy Trust,Great Wilbraham Primary,Drax
Acer Trust,Botley School,OVO Foundation
Affinity Learning Partnership,Eton Park Junior,OVO Foundation
Affinity Learning Partnership,Granville Academy,OVO Foundation
Affinity Learning Partnership,Horninglow Primary School,MAT funding
Affinity Learning Partnership,Lansdowne Infant School,MAT funding
Affinity Learning Partnership,Richard Wakefield C.E. Primary Academy,OVO Foundation
Affinity Learning Partnership,The De Ferrers Academy - Dove Campus,Archive
Affinity Learning Partnership,The De Ferrers Academy - Sixth Form,Archive
Affinity Learning Partnership,The De Ferrers Academy - Trent Campus,Archive
Affinity Learning Partnership,The Pingle Academy,Archive
ALP Schools,ALP Sittingbourne,OVO Foundation
Anglian Learning,Howard Community Academy,Drax
Arden Forest Multi-Academy Trust,Coughton C of E Primary School,Archive
Arden Forest Multi-Academy Trust,Harbury C of E Primary School,OVO Foundation
Arden Forest Multi-Academy Trust,Henley in Arden Primary School,Archive
Arden Forest Multi-Academy Trust,St Nicholas C of E Primary School,Archive
Arden Forest Multi-Academy Trust,Studley Infants' School,OVO Foundation
Arden Forest Multi-Academy Trust,Tanworth-in-Arden Primary School and Nursery,Archive
Arden Forest Multi-Academy Trust,Temple Grafton Primary School,Archive
Arden Forest Multi-Academy Trust,The Ferncumbe C of E Primary School,OVO Foundation
Arden Forest Multi-Academy Trust,Wootton Wawen C of E Primary School,Archive
Argyll and Bute,Oban High School,Drax
"Aspire Academy Trust, Cornwall",Biscovey Academy,OVO Foundation
"Aspire Academy Trust, Cornwall",Biscovey Nursery & Infants' Academy,OVO Foundation
"Aspire Academy Trust, Cornwall",Breage C of E Primary School,OVO Foundation
"Aspire Academy Trust, Cornwall",Bude Primary Academy - Infants,MAT funding
"Aspire Academy Trust, Cornwall",Bude Primary Academy - Juniors,OVO Foundation
"Aspire Academy Trust, Cornwall",Bugle School and Bugle Nursery,OVO Foundation
"Aspire Academy Trust, Cornwall",Connor Downs Academy,OVO Foundation
"Aspire Academy Trust, Cornwall",Coverack Primary School,MAT funding
"Aspire Academy Trust, Cornwall",Crowan Primary School,MAT funding
"Aspire Academy Trust, Cornwall",Cubert School,MAT funding
"Aspire Academy Trust, Cornwall",Cusgarne Primary School,MAT funding
"Aspire Academy Trust, Cornwall",Delabole School,MAT funding
"Aspire Academy Trust, Cornwall",Grade Ruan C of E Primary School,MAT funding
"Aspire Academy Trust, Cornwall",Indian Queens Primary School,OVO Foundation
"Aspire Academy Trust, Cornwall",Manaccan Primary School,MAT funding
"Aspire Academy Trust, Cornwall",Mawgan in Pydar Primary School,OVO Foundation
"Aspire Academy Trust, Cornwall",Mount Hawke Academy,OVO Foundation
"Aspire Academy Trust, Cornwall",Nansledan School,OVO Foundation
"Aspire Academy Trust, Cornwall",Nansloe Academy,OVO Foundation
"Aspire Academy Trust, Cornwall",Padstow School & Nursery,OVO Foundation
"Aspire Academy Trust, Cornwall",Penryn Primary Academy & Nursery,OVO Foundation
"Aspire Academy Trust, Cornwall",Probus Primary School,OVO Foundation
"Aspire Academy Trust, Cornwall",Sandy Hill Academy,MAT funding
"Aspire Academy Trust, Cornwall",Shortlanesend Primary,MAT funding
"Aspire Academy Trust, Cornwall",St Breock Primary School,MAT funding
"Aspire Academy Trust, Cornwall",St Keverne Primary School,MAT funding
"Aspire Academy Trust, Cornwall",St Mawes Primary School,MAT funding
"Aspire Academy Trust, Cornwall",St Minver School,OVO Foundation
"Aspire Academy Trust, Cornwall",St Stephen Churchtown Academy,OVO Foundation
"Aspire Academy Trust, Cornwall",St Uny C of E Primary Academy,OVO Foundation
"Aspire Academy Trust, Cornwall",Summercourt Academy,OVO Foundation
"Aspire Academy Trust, Cornwall",Tintagel Primary School,MAT funding
"Aspire Academy Trust, Cornwall",Tregolls Academy,MAT funding
"Aspire Academy Trust, Cornwall",Treverbyn Academy & Nursery,OVO Foundation
"Aspire Academy Trust, Cornwall",Truro Learning Academy,OVO Foundation
"Aspire Academy Trust, Cornwall",Warbstow Primary Academy,MAT funding
"Aspire Academy Trust, Cornwall",Whitemoor Academy,MAT funding
"Aspire Learning Partnership, Leicester",Soar Valley College,G4S
"Aspire Learning Partnership, Leicester",The City of Leicester College,G4S
Attenborough Learning Trust,Green Lane Infant School,Archive
Attenborough Learning Trust,Highfields Primary School,Archive
Attenborough Learning Trust,Shenton Primary School,Drax
Attenborough Learning Trust,Sparkenhoe Community Primary School,OVO Foundation
Bath and NE Somerset,Twerton Infant School,OVO Foundation
Bath and Wells Multi Academy Trust,Freshford Church School,Archive
Bath and Wells Multi Academy Trust,Swainswick Church School,Archive
Birmingham,Rubery Nursery School,Archive
Birmingham,"St Benedict's Primary School, Birmingham",Archive
Birmingham,West Heath Nursery School,Archive
Bradgate Education Partnership,Church Hill Infant School,Drax
Bradgate Education Partnership,Ratby Primary School,Drax
Bradgate Education Partnership,The Roundhill Academy,Archive
Bradgate Education Partnership,Wreake Valley Academy,Archive
Brent,Anson Primary School,Archive
Brighton and Hove,Aldrington Primary School,Brighton Energy Co-op
Brighton and Hove,Balfour Primary School,Archive
Brighton and Hove,Blatchington Mill School,Brighton Energy Co-op
Brighton and Hove,Brighton Aldridge Community Academy,Brighton Energy Co-op
Brighton and Hove,Cardinal Newman Catholic School,Brighton Energy Co-op
Brighton and Hove,Coldean Primary School,Brighton Energy Co-op
Brighton and Hove,Dorothy Stringer School,OVO Foundation
Brighton and Hove,Hove Park School - Nevill Campus,OVO Foundation
Brighton and Hove,Hove Park School - Valley Campus,OVO Foundation
Brighton and Hove,Saltdean Primary School,Brighton Energy Co-op
Brighton and Hove,St Bernadette's R C Primary School,Archive
Brighton and Hove,Stanford Infant School,Archive
Brighton and Hove,The Bilingual Primary School,School self funding
Brighton and Hove,Varndean School,Brighton Energy Co-op
Brighton and Hove,Westdene Primary School,Brighton Energy Co-op
Brighton and Hove,Woodingdean Primary School,Brighton Energy Co-op
Broadleaf Partnership Trust,Court Farm Primary School,MAT funding
Broadleaf Partnership Trust,Holland House Infant School and Nursery,MAT funding
Broadleaf Partnership Trust,Perryfields Academy,MAT funding
Broadleaf Partnership Trust,Plantsbrook School,MAT funding
Broadleaf Partnership Trust,Town Junior School,MAT funding
Buckinghamshire,The Misbourne,School self funding
Cabot Learning Federation,Evergreen Primary Academy,OVO Foundation
Cabot Learning Federation,Frome Vale Academy,OVO Foundation
Cabot Learning Federation,Queen Margeret Primary Academy,OVO Foundation
Cabot Learning Federation,Summerhill Academy,OVO Foundation
Cambridgeshire,Teversham CE Primary School,Archive
Carmarthenshire/Sir Gâr,Cae’r Felin Community School,Carmarthenshire Council
Carmarthenshire/Sir Gâr,Ysgol Coedcae School,School self funding
Carmarthenshire/Sir Gâr,Ysgol Gymraeg Ffwrnes,School self funding
Carmarthenshire/Sir Gâr,Ysgol Gymraeg Gwenllian,School self funding
Carmarthenshire/Sir Gâr,Ysgol Gymunedol Peniel,Carmarthenshire Council
Carmarthenshire/Sir Gâr,Ysgol Gynradd Wirfoddol Abergwili,Carmarthenshire Council
Carmarthenshire/Sir Gâr,Ysgol Gynradd Wirfoddol Llanllwni,Carmarthenshire Council
Carmarthenshire/Sir Gâr,Ysgol Llanpumsaint,Carmarthenshire Council
Carmarthenshire/Sir Gâr,Ysgol Nantgaredig,Carmarthenshire Council
Cathedral Schools Trust,Ashton Gate Primary School,School self funding
Cathedral Schools Trust,Bristol Cathedral Choir School,OVO Foundation
Cathedral Schools Trust,Cathedral Primary School,School self funding
Cathedral Schools Trust,Henleaze Infant School,OVO Foundation
Cathedral Schools Trust,Henleaze Junior School,Archive
Cathedral Schools Trust,St Katherine's School,OVO Foundation
Cathedral Schools Trust,St Werburgh's Primary School,School self funding
Cathedral Schools Trust,Stoke Park Primary School,OVO Foundation
Cathedral Schools Trust,Trinity Academy Bristol,School self funding
Cathedral Schools Trust,Victoria Park Primary School,School self funding
Central Bedfordshire,Aspley Guise Village School,Laser/npower
Central Bedfordshire,Beaudesert Lower School,Laser/npower
Central Bedfordshire,Fairfield Park Lower School - Dickens Boulevard,OVO Foundation
Central Bedfordshire,Fairfield Park Lower School - Ruskin Drive,Laser/npower
Central Bedfordshire,Greenleas School,Laser/npower
Central Bedfordshire,Vandyke Upper School,Archive
Central Region Schools Trust,Abbeywood First & Church Hill Middle School,MAT funding
Central Region Schools Trust,Arrow Vale High School,MAT funding
Central Region Schools Trust,Arrow Valley First School,MAT funding
Central Region Schools Trust,"Gospel Oak School, Tipton",OVO Foundation
Central Region Schools Trust,Holyhead School,OVO Foundation
Central Region Schools Trust,Ipsley CE Middle School,MAT funding
Central Region Schools Trust,Lickhill Primary School,MAT funding
Central Region Schools Trust,Oak Hill First School,MAT funding
Central Region Schools Trust,Oldbury Park Primary School,MAT funding
Central Region Schools Trust,St Stephen's CE First School,MAT funding
Central Region Schools Trust,"Sutton Park Primary School, Kidderminster",OVO Foundation
Central Region Schools Trust,Waseley Hills High School,MAT funding
Chiltern Learning Trust,Chiltern Academy,Drax
Chiltern Learning Trust,Lark Rise Academy,School self funding
Coastal Academies Trust,Cliftonville Primary School & Pre-School,School self funding
Coastal Academies Trust,Hartsdown Academy,School self funding
Coastal Academies Trust,Newington Primary,School self funding
Coastal Academies Trust,Royal Harbour Academy,School self funding
Coombe Academy Trust,Coombe Girls' School,OVO Foundation
Coventry,Stivichall Primary School,School self funding
David Ross Education Trust,Briar Hill Primary School,Drax
David Ross Education Trust,Charnwood College,Drax
David Ross Education Trust,Eastfield Academy,OVO Foundation
David Ross Education Trust,Falconer's Hill Academy,OVO Foundation
David Ross Education Trust,Havelock Academy,OVO Foundation
David Ross Education Trust,Kings Heath Primary Academy,OVO Foundation
David Ross Education Trust,Skegness Grammar School,Drax
David Ross Education Trust,Thomas Middlecott Academy,Drax
Derbyshire,Bramley Vale Primary School,OVO Foundation
Derbyshire,Brampton Primary School,Shoosmiths
Derbyshire,Breadsall CE Primary,Drax
Derbyshire,Buxton Infant School,Archive
Derbyshire,Buxton Junior School,OVO Foundation
Derbyshire,Duckmanton Primary School,Drax
Derbyshire,Eureka Primary School,Drax
Derbyshire,Fairfield Infant & Nursery School,Archive
Derbyshire,South Darley CE Primary School,Archive
Derbyshire,"St. John's CE Primary School and Nursery, Belper",Archive
Derbyshire,Stanton Vale School,OVO Foundation
Derbyshire,Stretton Handley Primary School,Drax
Derbyshire,William Levick Primary School,Drax
Devon,Braunton Academy,Archive
Devon,Cheriton Fitzpaine Primary School,Laser/npower
Devon,Newton St Cyres Primary School,Archive
Devon,The Deaf Academy - Main site,School self funding
Diocese of Norwich,Clover Hill VA Infant School,Archive
Diocese of Norwich,Cringleford Primary School,Archive
Diocese of Norwich,Horsford Juniors - Mill Lane,Drax
Diocese of Norwich,Horsford Primary – Holt Road,Drax
Diocese of Norwich,Ingoldisthorpe C of E Primary School,Archive
Diocese of Norwich,"St Michaels VA Junior School, Bowthorpe",Archive
Diocese of Norwich,St Nicholas Priory School,Drax
Diocese of Norwich Education and Academies Trust,Brisley CofE Primary Academy Trust,Pending data
Diocese of Norwich Education and Academies Trust,Kessingland Church of England Primary Academy,Pending data
Diocese of Norwich Education and Academies Trust,Moorlands Primary Academy,Pending data
Diocese of Norwich Education and Academies Trust,Peterhouse Primary Academy,Pending data
Diocese of Norwich Education and Academies Trust,Rudham CofE Primary Academy,Pending data
Diocese of Southwell and Nottingham Multi-Academy Trust,Burntstump Seely CofE Primary Academy,Drax
Diocese of Southwell and Nottingham Multi-Academy Trust,"St John's C of E Academy, Worksop",Drax
Diocese of Southwell and Nottingham Multi-Academy Trust,The King's CofE Primary School,OVO Foundation
Doncaster,Sunnyfields Primary School,Drax
Dorset,Conifers Primary School,Laser/npower
Dorset,Southill Primary School,Laser/npower
Dorset,The Prince of Wales School,Archive
Ealing,Horsenden Primary School,OVO Foundation
East Anglian Schools' Trust,Aldeburgh Primary School,MAT funding
East Anglian Schools' Trust,Bungay High School,MAT funding
East Anglian Schools' Trust,Castle EAST School,OVO Foundation
East Anglian Schools' Trust,Easton Primary School,MAT funding
East Anglian Schools' Trust,Farlingaye High School,MAT funding
East Anglian Schools' Trust,Holbrook Academy,MAT funding
East Anglian Schools' Trust,Kesgrave High School,MAT funding
East Anglian Schools' Trust,Leiston Primary School,OVO Foundation
East Anglian Schools' Trust,Saxmundham Primary School,OVO Foundation
East Anglian Schools' Trust,Wickham Market Primary School,OVO Foundation
East Riding of Yorkshire,Inmans Primary School,Archive
East Riding of Yorkshire,Snaith Primary School,Drax
East Sussex,Willingdon Community School,School self funding
Eastern Multi-Academy Trust,Admirals Academy,Drax
Eastern Multi-Academy Trust,Eastgate Academy,Drax
Eastern Multi-Academy Trust,Emneth Academy,Drax
Eastern Multi-Academy Trust,Glade Academy,Drax
Eastern Multi-Academy Trust,King's Lynn Academy,Drax
Eastern Multi-Academy Trust,Nelson Academy,Drax
Eastern Multi-Academy Trust,North Wootton Academy,MAT funding
Eastern Multi-Academy Trust,Norwich Road Academy,Drax
Eastern Multi-Academy Trust,Raleigh Infant Academy,MAT funding
Eastern Multi-Academy Trust,Southery Academy,Drax
Eastern Multi-Academy Trust,Upwell Academy,Drax
Edinburgh,James Gillespie's High School,Archive
Edinburgh,St Thomas Of Aquin's High School,Archive
Embark Federation,Aldercar High School,Drax
Embark Federation,Anthony Gell School,Archive
Embark Federation,Buxton Community School,Archive
Embark Federation,Heath Primary School,Archive
Embark Federation,Horsley Woodhouse Primary School,Archive
Embark Federation,Parkside Community School,Drax
Embark Federation,Richardson Endowed Primary,Archive
Embark Federation,Waingroves Primary School,Drax
Embark Federation,William Rhodes Primary & Nursery School,Archive
Epping Forest Schools Partnership Trust,Alderton Infant and Junior School,Drax
Epping Forest Schools Partnership Trust,Hillhouse C of E Primary School,Drax
Essex,Chelmsford County High School,Drax
Exceed Learning Partnership,Bentley High Street Primary School,Shoosmiths
Exceed Learning Partnership,Carr Lodge Academy,Drax
Exceed Learning Partnership,Edlington Victoria Academy,MAT funding
Exceed Learning Partnership,Hall Cross Academy - Lower School Campus,Shoosmiths
Exceed Learning Partnership,Hall Cross Academy - Upper School Campus,Shoosmiths
Exceed Learning Partnership,Hill Top Academy,OVO Foundation
Exceed Learning Partnership,Rosedale Primary School,Shoosmiths
Exceed Learning Partnership,Sandringham Primary School,OVO Foundation
Exceed Learning Partnership,Sheep Dip Lane Academy,OVO Foundation
Exceed Learning Partnership,The Mallard Academy,OVO Foundation
Exceed Learning Partnership,Willow Primary School,MAT funding
Finham Park Multi Academy Trust,Finham Park 2,Mace
Finham Park Multi Academy Trust,Finham Park School,School self funding
Finham Park Multi Academy Trust,Finham Primary School,Big Give 2025
Finham Park Multi Academy Trust,Lillington Primary School,School self funding
Finham Park Multi Academy Trust,Limbrick Wood Primary School,Archive
Finham Park Multi Academy Trust,Lyng Hall School,OVO Foundation
Finham Park Multi Academy Trust,Meadow Park School,Archive
Finham Park Multi Academy Trust,Pearl Hyde Community Primary School,Big Give 2025
Forward Education Trust,Brays School,OVO Foundation
Forward Education Trust,Hallmoor School,Mace
Forward Education Trust,High Point Academy,Mace
Forward Education Trust,Lea Hall Academy,Archive
Forward Education Trust,The Bridge School,MAT funding
Forward Education Trust,The Heights Academy,MAT funding
Futura Learning Partnership,"All Saints CofE Primary School, Clevedon",OVO Foundation
Futura Learning Partnership,Bedminster Down School,Pending data
Futura Learning Partnership,Bridge Farm Primary School,MAT funding
Futura Learning Partnership,Chandag Primary School,Big Give 2025
Futura Learning Partnership,Cheddar Grove Primary School,OVO Foundation
Futura Learning Partnership,Chestnut Park Primary School,OVO Foundation
Futura Learning Partnership,Chilton Trinity School,MAT funding
Futura Learning Partnership,Clevedon School,MAT funding
Futura Learning Partnership,Four Acres Academy,OVO Foundation
Futura Learning Partnership,IKB Academy,MAT funding
Futura Learning Partnership,Mary Elton Primary School,MAT funding
Futura Learning Partnership,Northgate Primary School,OVO Foundation
Futura Learning Partnership,Puriton Primary School,Big Give 2025
Futura Learning Partnership,Saltford CofE Primary School,King Charles III Charitable Fund
Futura Learning Partnership,Sir Bernard Lovell Academy,MAT funding
Futura Learning Partnership,"St John's Primary School, Keynsham",MAT funding
Futura Learning Partnership,St Nicholas' Chantry CofE Primary School,MAT funding
Futura Learning Partnership,The Meadows Primary School,MAT funding
Futura Learning Partnership,Tickenham CofE Primary School,MAT funding
Futura Learning Partnership,Two Rivers CofE Primary School,MAT funding
Futura Learning Partnership,Wansdyke Primary School,Big Give 2025
Futura Learning Partnership,Wellsway School,MAT funding
Futura Learning Partnership,Westover Green Community School and Autism Centre,MAT funding
Futura Learning Partnership,Willowdown Primary School,MAT funding
Futura Learning Partnership,Woolavington Village Primary School,OVO Foundation
Futura Learning Partnership,Yeo Moor Primary School,MAT funding
Girls Day School Trust,Belvedere Academy,MAT funding
Girls Day School Trust,Birkenhead High School Academy,MAT funding
Girls Day School Trust,Blackheath High Junior School,MAT funding
Girls Day School Trust,Blackheath High Senior School,MAT funding
Girls Day School Trust,Brighton Girls,MAT funding
Girls Day School Trust,Bromley High School,MAT funding
Girls Day School Trust,Croydon High School,MAT funding
Girls Day School Trust,Howell's Prep and Nursery School,MAT funding
Girls Day School Trust,Howell's Senior School,MAT funding
Girls Day School Trust,Kensington Prep School,MAT funding
Girls Day School Trust,Newcastle High School for Girls Junior School,MAT funding
Girls Day School Trust,Newcastle High School for Girls Senior School,MAT funding
Girls Day School Trust,Northampton High School,MAT funding
Girls Day School Trust,Northwood College,MAT funding
Girls Day School Trust,Norwich High School for Girls,MAT funding
Girls Day School Trust,Notting Hill & Ealing High Junior School,MAT funding
Girls Day School Trust,Notting Hill & Ealing High Senior School,MAT funding
Girls Day School Trust,Nottingham Girls' High School,MAT funding
Girls Day School Trust,Oxford High for Girls Pre-Prep,MAT funding
Girls Day School Trust,Oxford High for Girls Prep,MAT funding
Girls Day School Trust,Oxford High Senior School,MAT funding
Girls Day School Trust,Portsmouth High Prep School,MAT funding
Girls Day School Trust,Portsmouth High Senior School,MAT funding
Girls Day School Trust,Putney High School,MAT funding
Girls Day School Trust,Royal High Prep School Bath,MAT funding
Girls Day School Trust,Royal High Senior School Bath,MAT funding
Girls Day School Trust,Sheffield Girls' School,MAT funding
Girls Day School Trust,Shrewsbury High Junior School,MAT funding
Girls Day School Trust,Shrewsbury High Senior School,MAT funding
Girls Day School Trust,South Hampstead High Junior School,MAT funding
Girls Day School Trust,South Hampstead High Senior School,MAT funding
Girls Day School Trust,Streatham & Clapham High Prep School,MAT funding
Girls Day School Trust,Streatham & Clapham High School,MAT funding
Girls Day School Trust,Sutton High School,MAT funding
Girls Day School Trust,Sydenham High School,MAT funding
Girls Day School Trust,Wimbledon High School,MAT funding
Gosforth Group,Gosforth Academy,MAT funding
Gosforth Group,North Gosforth Academy,MAT funding
Hackney,All Saints Catholic High School,OVO Foundation
Hackney,Comet Nursery School & Children's Centre,School self funding
Hackney,Daubeney Primary School,School self funding
Hackney,Grazebrook Primary School,OVO Foundation
Hackney,Ickburgh School,School self funding
Hackney,London Fields Primary,OVO Foundation
Hackney,Parkwood Primary School,School self funding
Hackney,Rushmore Primary School,OVO Foundation
Hackney,Shacklewell Primary School,OVO Foundation
Hackney,Springfield Community Primary School,Archive
Hackney,St Matthias CE Primary,OVO Foundation
Hackney,St Monica's Catholic Primary School,OVO Foundation
Hackney,Thomas Fairchild Community School,School self funding
Hackney,Woodberry Down Primary School,OVO Foundation
Harbour Learning Trust,Ermine Primary Academy,MAT funding
Harbour Learning Trust,Great Coates Primary School,MAT funding
Harbour Learning Trust,Healing Primary Academy,MAT funding
Harbour Learning Trust,Healing Science Academy,MAT funding
Harbour Learning Trust,St Giles Academy,MAT funding
Haringey,Ferry Lane Primary School,Archive
Harris Federation,Harris Academy and Primary Academy Chafford Hundred,MAT funding
Harris Federation,Harris Academy Battersea,MAT funding
Harris Federation,Harris Academy Beckenham,MAT funding
Harris Federation,Harris Academy Bermondsey,MAT funding
Harris Federation,Harris Academy Chobham,OVO Foundation
Harris Federation,Harris Academy Clapham,MAT funding
Harris Federation,Harris Academy Falconwood,MAT funding
Harris Federation,Harris Academy Greenwich,MAT funding
Harris Federation,Harris Academy Merton,MAT funding
Harris Federation,Harris Academy Ockendon,MAT funding
Harris Federation,Harris Academy Orpington,MAT funding
Harris Federation,Harris Academy Peckham,MAT funding
Harris Federation,Harris Academy Purley,MAT funding
Harris Federation,Harris Academy Rainham,MAT funding
Harris Federation,Harris Academy Riverside,MAT funding
Harris Federation,Harris Academy South Norwood - Beulah Hill Campus,MAT funding
Harris Federation,Harris Academy South Norwood - Clocktower Campus,MAT funding
Harris Federation,Harris Academy St John's Wood,MAT funding
Harris Federation,Harris Academy Sutton,MAT funding
Harris Federation,Harris Academy Tottenham,MAT funding
Harris Federation,Harris Academy Wimbledon,OVO Foundation
Harris Federation,Harris Boys Academy East Dulwich,MAT funding
Harris Federation,Harris City Academy Crystal Palace,MAT funding
Harris Federation,Harris Clapham Sixth Form,MAT funding
Harris Federation,Harris Garrard Academy,MAT funding
Harris Federation,Harris Girls Academy Bromley,MAT funding
Harris Federation,Harris Invictus Academy Croydon,MAT funding
Harris Federation,Harris Junior Academy Carshalton,OVO Foundation
Harris Federation,Harris Primary Academy Beckenham Green,OVO Foundation
Harris Federation,Harris Primary Academy Haling Park,OVO Foundation
Harris Federation,Harris Primary Academy Merton,OVO Foundation
Harris Federation,Harris Primary Academy Peckham Park,OVO Foundation
Harris Federation,Harris Primary Academy Purley Way,Archive
Harris Federation,Harris Primary Academy Shortlands,Archive
Harris Federation,Harris Primary Academy South Kenton,School self funding
Harris Federation,Harris Professional Skills Sixth Form,Archive
Harris Federation,Harris Westminster Sixth Form,OVO Foundation
Harrow,Whitefriars School,School self funding
HART Schools Trust,Roebuck Academy,Archive
HART Schools Trust,Thomas Alleyne Academy,OVO Foundation
"HEART Academies Trust, Bedford",Bedford Academy,Drax
"HEART Academies Trust, Bedford",Cauldwell School,MAT funding
"HEART Academies Trust, Bedford",Shackleton Primary,MAT funding
"HEART Academies Trust, Bedford",Shortstown Primary,Drax
Hertfordshire,Beaumont School,School self funding
Hertfordshire,Birchwood High School,Drax
Hertfordshire,Knebworth Primary and Nursery School,Laser/npower
Highland,Mallaig High School,OVO Foundation
Hillingdon,"Sacred Heart Catholic Primary School, Ruislip",Archive
Inspiration Trust,Charles Darwin Primary School,Drax
Inspiration Trust,Cobholm Primary Academy,Drax
Inspiration Trust,Cringleford Prep,Drax
Inspiration Trust,Cromer Academy,OVO Foundation
Inspiration Trust,East Point Academy,MAT funding
Inspiration Trust,Great Yarmouth Charter Academy,MAT funding
Inspiration Trust,Great Yarmouth Primary,Drax
Inspiration Trust,Hethersett Academy,MAT funding
Inspiration Trust,Hewett Academy,MAT funding
Inspiration Trust,Jane Austen College,MAT funding
Inspiration Trust,King Edward VII Academy,MAT funding
Inspiration Trust,Norwich Primary Academy,Drax
Inspiration Trust,Queensway Infant and Junior Academies,Drax
Inspiration Trust,Sir Isaac Newton Sixth Form,MAT funding
Inspiration Trust,Stradbroke Primary,MAT funding
Inspiration Trust,Thetford Academy,Drax
Inspiration Trust,Wayland Academy,MAT funding
Inspiring Futures Through Learning,Exeter School,Archive
Inspiring Futures Through Learning,Priors Hall,Archive
Inspiring Futures Through Learning,Woodnewton School,Archive
Inspiring Primaries Academy Trust,Claybrooke Primary School,Drax
Inspiring Primaries Academy Trust,Dunton Bassett Primary School,Archive
Inspiring Primaries Academy Trust,Sharnford CE Primary School,Drax
Kent,Dartford Science and Technology College,School self funding
Kent,St Peter-in-Thanet C of E Junior School,Laser/npower
Kent,The Judd School,School self funding
Kent,Tunbridge Wells Grammar School for Boys - Tunbridge Wells Campus,School self funding
King Edward VI Academy Trust,King Edward VI Aston School,MAT funding
King Edward VI Academy Trust,King Edward VI Balaam Wood Academy,MAT funding
King Edward VI Academy Trust,King Edward VI Camp Hill School,MAT funding
King Edward VI Academy Trust,King Edward VI Five Ways School,MAT funding
King Edward VI Academy Trust,King Edward VI Handsworth Grammar School for Boys,MAT funding
King Edward VI Academy Trust,King Edward VI Handsworth School for Girls,MAT funding
King Edward VI Academy Trust,King Edward VI Handsworth Wood Girls' Academy,MAT funding
King Edward VI Academy Trust,King Edward VI King's Norton School for Boys,MAT funding
King Edward VI Academy Trust,King Edward VI Lordswood School for Girls,MAT funding
King Edward VI Academy Trust,King Edward VI Northfield School for Girls,MAT funding
King Edward VI Academy Trust,King Edward VI Sheldon Heath Academy,MAT funding
King's Group Academies,King's Academy Bay House,MAT funding
King's Group Academies,King's Academy Binfield,MAT funding
King's Group Academies,King's Academy Brune Park,MAT funding
King's Group Academies,King's Academy College Park (Infant and Junior),MAT funding
King's Group Academies,King's Academy Easthampstead Park,MAT funding
King's Group Academies,King's Academy Gomer,MAT funding
King's Group Academies,King's Academy Lord Wilson School,MAT funding
King's Group Academies,King's Academy Meadow Vale,MAT funding
King's Group Academies,King's Academy Northern Parade,MAT funding
King's Group Academies,King's Academy Oakwood,MAT funding
King's Group Academies,King's Academy Prospect,MAT funding
King's Group Academies,King's Academy Ringmer,MAT funding
King's Group Academies,King's Academy Rowner,MAT funding
Laidlaw Schools Trust,Academy 360,Archive
Laidlaw Schools Trust,Excelsior Academy,Archive
Lambeth,Livity School,RAFT
Lambeth,Paxton Primary School,RAFT
Lambeth,Woodmansterne School and Sixth Form,RAFT
Lancashire,Accrington St Christopher's CE High School and Sixth Form,Archive
Leger Education Trust,Askern Littlemoor Infant Academy,Archive
Leger Education Trust,Askern Moss Road Infant Academy,Archive
Leger Education Trust,Campsmount Academy,Archive
Leger Education Trust,Castle Hills Primary Academy,Archive
Leger Education Trust,Spa Academy Askern,Archive
Leicester City,Barley Croft Primary School,Drax
Leicester City,Beaumont Leys School,OVO Foundation
Leicester City,Beaumont Lodge Primary School,Leicester City Council
Leicester City,Crown Hills Community College,G4S
Leicester City,Ellesmere College - Aylestone Meadows Campus,Archive
Leicester City,Ellesmere College - Knighton Fields Campus,Archive
Leicester City,Hazel Community Primary School,Archive
Leicester City,King Richard III Infant and Nursery School,Drax
Leicester City,Linden Primary School,Archive
Leicester City,Medway Community Primary School,Leicester City Council
Leicester City,Moat Community College,Archive
Leicester City,Montrose School,Leicester City Council
Leicester City,New College Leicester,School self funding
Leicester City,Parks Primary School,OVO Foundation
Leicester City,Sandfield Close Primary School,Archive
Leicester City,Spinney Hill Primary School,Drax
Leicester City,Stokes Wood Primary School,Drax
Leicester City,Taylor Road Primary School,OVO Foundation
Leicester City,Uplands Infant School & Junior L.E.A.D. Academy,Archive
Leicester City,Whitehall Primary School,Archive
Leicester City,Wyvern Primary School,Drax
Leicestershire,St Hardulph's CofE Primary School,Drax
Lewisham,St Mary's Lewisham Church of England Primary School,OVO Foundation
Lewisham,Twin Oaks Primary School,RAFT
LiFE Multi-Academy Trust,Braunstone Frith Primary Academy,Drax
Lift Schools,Anglesey Primary Academy,Archive
Lift Schools,Barton Hill Academy,OVO Foundation
Lift Schools,Greenwood Academy,Archive
Lift Schools,Kingsley Academy,Archive
Lift Schools,Lea Forest Primary Academy,Laser/npower
Lift Schools,Newington Academy,Laser/npower
Lift Schools,Noel Park Primary School,OVO Foundation
Lift Schools,Percy Shurmer Academy,Laser/npower
Lighthouse Schools Partnership,Backwell Junior School,Archive
Lighthouse Schools Partnership,Churchill C of E Primary School,Archive
Lighthouse Schools Partnership,St Peter's Primary School,Archive
Lighthouse Schools Partnership,West Leigh Infant School,Archive
Lionheart Multi-Academy Trust,Beauchamp City Sixth Form,MAT funding
Lionheart Multi-Academy Trust,Beauchamp College,Drax
Lionheart Multi-Academy Trust,Brocks Hill Primary School,Drax
Lionheart Multi-Academy Trust,Broom Leys Primary School,MAT funding
Lionheart Multi-Academy Trust,Castle Rock School,MAT funding
Lionheart Multi-Academy Trust,Greenstone Primary School,Big Give 2025
Lionheart Multi-Academy Trust,Hallam Fields Primary School,Drax
Lionheart Multi-Academy Trust,Highcliffe Primary School,Drax
Lionheart Multi-Academy Trust,Humphrey Perkins School,Drax
Lionheart Multi-Academy Trust,Judgemeadow Community College,G4S
Lionheart Multi-Academy Trust,Judgemeadow Community College Football Development Centre,G4S
Lionheart Multi-Academy Trust,Martin High School,Drax
Lionheart Multi-Academy Trust,Mercia Academy,OVO Foundation
Lionheart Multi-Academy Trust,Newhall Junior School,Archive
Lionheart Multi-Academy Trust,Riverside Primary School,Drax
Lionheart Multi-Academy Trust,Sir Jonathan North Girls' College,Drax
Lionheart Multi-Academy Trust,The Cedars Academy,Drax
Lionheart Multi-Academy Trust,The Newbridge School,MAT funding
Maiden Erlegh Trust,Birch Hill Primary School,MAT funding
Maiden Erlegh Trust,Cranbury College - Primary site,Shoosmiths
Maiden Erlegh Trust,Cranbury College - Secondary site,OVO Foundation
Maiden Erlegh Trust,Great Hollands Primary School,OVO Foundation
Maiden Erlegh Trust,Hamilton School,MAT funding
Maiden Erlegh Trust,Maiden Erlegh Chiltern Edge,MAT funding
Maiden Erlegh Trust,Maiden Erlegh School,MAT funding
Maiden Erlegh Trust,Maiden Erlegh School in Reading,MAT funding
Maiden Erlegh Trust,Oak Tree School,OVO Foundation
Maiden Erlegh Trust,River Academy,MAT funding
Manchester,Cheetham CE Community Academy,School self funding
Manchester,Our Lady's R.C. High School,Archive
Merthyr Tydfil,Cyfarthfa High School,Archive
Midsomer Norton Schools Partnership,Clutton Primary School,Archive
Midsomer Norton Schools Partnership,Farrington Gurney Primary School,Archive
Midsomer Norton Schools Partnership,Midsomer Norton Primary School,Archive
Midsomer Norton Schools Partnership,Notton House School,Archive
Midsomer Norton Schools Partnership,St Mark's C of E School,Archive
Midsomer Norton Schools Partnership,Beechen Cliff School,King Charles III Charitable Fund
Midsomer Norton Schools Partnership,Hayesfield Girls' School and Mixed Sixth Form,King Charles III Charitable Fund
Midsomer Norton Schools Partnership,Norton Hill Primary School,King Charles III Charitable Fund
Midsomer Norton Schools Partnership,Frome College,MAT funding
Midsomer Norton Schools Partnership,Oakfield Academy,MAT funding
Midsomer Norton Schools Partnership,Buckler's Mead School,OVO Foundation
Midsomer Norton Schools Partnership,Critchill School,OVO Foundation
Midsomer Norton Schools Partnership,High Littleton Primary School,OVO Foundation
Midsomer Norton Schools Partnership,Knowle-DGE Learning Centre,OVO Foundation
Midsomer Norton Schools Partnership,Leigh on Mendip School,OVO Foundation
Midsomer Norton Schools Partnership,Norton Hill School,OVO Foundation
Midsomer Norton Schools Partnership,Shoscombe Church Primary School,OVO Foundation
Midsomer Norton Schools Partnership,"St John's Primary School, Radstock",OVO Foundation
Midsomer Norton Schools Partnership,St Julian's Church School,OVO Foundation
Midsomer Norton Schools Partnership,"St Mary's Primary School, Timsbury",OVO Foundation
Midsomer Norton Schools Partnership,St Matthias Academy Brentry (North),OVO Foundation
Midsomer Norton Schools Partnership,St Matthias Academy Fishponds (South),OVO Foundation
Midsomer Norton Schools Partnership,"Trinity C of E First School, Frome",OVO Foundation
Midsomer Norton Schools Partnership,Welton Primary School,OVO Foundation
Midsomer Norton Schools Partnership,Preston School Academy,School self funding
Midsomer Norton Schools Partnership,Somervale School,School self funding
Neath Port Talbot,Baglan Primary School,Neath Port Talbot Council
Neath Port Talbot,Blaenbaglan Primary,Neath Port Talbot Council
Neath Port Talbot,Blaengwrach Primary,Neath Port Talbot Council
Neath Port Talbot,Blaenhonddan Primary School,Neath Port Talbot Council
Neath Port Talbot,Catwg Primary School,Neath Port Talbot Council
Neath Port Talbot,Cilffriw Primary School,Neath Port Talbot Council
Neath Port Talbot,Coed Hirwaun Primary School,Neath Port Talbot Council
Neath Port Talbot,Coedffranc Primary School,Neath Port Talbot Council
Neath Port Talbot,Cwmafan Primary,Neath Port Talbot Council
Neath Port Talbot,Cwmnedd Primary School,Neath Port Talbot Council
Neath Port Talbot,Glyncorrwg Primary School,Neath Port Talbot Council
Neath Port Talbot,Pen Afan Primary School,Neath Port Talbot Council
Neath Port Talbot,Rhos Primary,Neath Port Talbot Council
Neath Port Talbot,Tonnau Primary School,Neath Port Talbot Council
Neath Port Talbot,YGG Tyle'r Ynn,Neath Port Talbot Council
Neath Port Talbot,Ysgol Bae Baglan,Neath Port Talbot Council
Neath Port Talbot,Ysgol Cwm Brombil,Neath Port Talbot Council
Neath Port Talbot,Ysgol Gymraeg Gwaun Cae Gurwen,Neath Port Talbot Council
Neath Port Talbot,Ysgol Gynradd Gymraeg Cwmnedd,Neath Port Talbot Council
New Collaborative Learning Trust,Anston Greenlands Primary School,MAT funding
New Collaborative Learning Trust,Redscope Primary School,MAT funding
New Collaborative Learning Trust,Thorpe Hesley Primary School,MAT funding
Newham,Maryland Primary School,OVO Foundation
Newport/Casnewydd,Alway Primary School,Egni
Newport/Casnewydd,Bassaleg Comprehensive School,Egni
Newport/Casnewydd,Caerleon Comprehensive School,Egni
Newport/Casnewydd,Eveswell Primary School,Egni
Newport/Casnewydd,Glan Usk Primary School,Egni
Newport/Casnewydd,Jubilee Park Primary School,Egni
Newport/Casnewydd,Llanmartin Primary School,Egni
Newport/Casnewydd,Lliswerry High School,Egni
Newport/Casnewydd,Lliswerry Primary School,Egni
Newport/Casnewydd,Maesglas Primary School,Egni
Newport/Casnewydd,Maindee Primary School,Egni
Newport/Casnewydd,Malpas Court School,Egni
Newport/Casnewydd,Marshfield Primary School,Egni
Newport/Casnewydd,Monnow Primary School,Egni
Newport/Casnewydd,Newport High School,Egni
Newport/Casnewydd,Pentrepoeth Primary School,Egni
Newport/Casnewydd,Ringland Primary School,Egni
Newport/Casnewydd,Rogerstone Primary School,Egni
Newport/Casnewydd,St Julian's High School,Egni
Newport/Casnewydd,St Julian's Primary School,Egni
Newport/Casnewydd,St Patrick's RC Primary School,Egni
Newport/Casnewydd,Ysgol Gyfun Gwent is Coed,Egni
Newport/Casnewydd,Ysgol Gymraeg Bro Teyrnon,Egni
Newport/Casnewydd,Ysgol Gymraeg Casnewydd,Egni
Norfolk,Hall School,Waiting list for funding
Norfolk,John Grant School,Drax
Norfolk,Sheringham Woodfields School,Drax
North Lincolnshire,Holme Valley Primary School,Waiting list for funding
North Lincolnshire,Killingholme Primary School,Archive
North Lincolnshire,Leys Farm Junior School,Drax
North Lincolnshire,Oakfield Primary School,School self funding
North Lincolnshire,St Hugh's School,School self funding
North Lincolnshire,St Peter & St Paul CE Primary School,Drax
North Lincolnshire,"The Grange Primary School, Scunthorpe",Drax
North Somerset,Birdwell School,Archive
North Star Community Trust,Enfield Heights Academy,MAT funding
North Star Community Trust,Heron Hall Academy,OVO Foundation
North Star Community Trust,Kingfisher Hall Primary Academy,MAT funding
North Star Community Trust,Woodpecker Hall Academy,MAT funding
Northampton Primary Academy Trust,Blackthorn Primary School,Archive
Northampton Primary Academy Trust,Headlands Primary School,School self funding
Northampton Primary Academy Trust,Thorplands Primary School & Nursery,Drax
Northampton Primary Academy Trust,Weston Favell CE Primary School,Archive
Northumberland,Burnside Primary School,School self funding
Nottingham and Nottinghamshire,Albany Junior School,OVO Foundation
Nottingham and Nottinghamshire,"St Peter's CofE Primary and Nursery School, Gringley-on-the-Hill",Drax
Oasis Multi-Academy Trust,Oasis Academy - Arena,OVO Foundation
Oasis Multi-Academy Trust,Oasis Academy - Aspinal,OVO Foundation
Oasis Multi-Academy Trust,Oasis Academy - Bank Leaze,OVO Foundation
Oasis Multi-Academy Trust,Oasis Academy - Benson,MAT funding
Oasis Multi-Academy Trust,Oasis Academy - Blakenhale Infants and Junior School,OVO Foundation
Oasis Multi-Academy Trust,Oasis Academy - Boulton,MAT funding
Oasis Multi-Academy Trust,Oasis Academy - Brightstowe,MAT funding
Oasis Multi-Academy Trust,Oasis Academy - Brislington,MAT funding
Oasis Multi-Academy Trust,Oasis Academy - Broadoak,MAT funding
Oasis Multi-Academy Trust,Oasis Academy - Byron,MAT funding
Oasis Multi-Academy Trust,Oasis Academy - Clarksfield,MAT funding
Oasis Multi-Academy Trust,Oasis Academy - Connaught,MAT funding
Oasis Multi-Academy Trust,Oasis Academy - Coulsdon,MAT funding
Oasis Multi-Academy Trust,Oasis Academy - Daventry Road,MAT funding
Oasis Multi-Academy Trust,Oasis Academy - Don Valley,MAT funding
Oasis Multi-Academy Trust,Oasis Academy - Enfield,OVO Foundation
Oasis Multi-Academy Trust,Oasis Academy - Fir Vale,MAT funding
Oasis Multi-Academy Trust,Oasis Academy - Foundry,MAT funding
Oasis Multi-Academy Trust,Oasis Academy - Hadley,OVO Foundation
Oasis Multi-Academy Trust,Oasis Academy - Harpur Mount,MAT funding
Oasis Multi-Academy Trust,Oasis Academy - Henderson Avenue,Drax
Oasis Multi-Academy Trust,Oasis Academy - Hobmoor,MAT funding
Oasis Multi-Academy Trust,Oasis Academy - Immingham,Drax
Oasis Multi-Academy Trust,Oasis Academy - Johanna,OVO Foundation
Oasis Multi-Academy Trust,Oasis Academy - John Williams,MAT funding
Oasis Multi-Academy Trust,Oasis Academy - Leesbrook,OVO Foundation
Oasis Multi-Academy Trust,Oasis Academy - Limeside,MAT funding
Oasis Multi-Academy Trust,Oasis Academy - Lister Park,MAT funding
Oasis Multi-Academy Trust,Oasis Academy - Long Cross,MAT funding
Oasis Multi-Academy Trust,Oasis Academy - Lords Hill,MAT funding
Oasis Multi-Academy Trust,Oasis Academy - Marksbury Road,MAT funding
Oasis Multi-Academy Trust,Oasis Academy - Mayfield,MAT funding
Oasis Multi-Academy Trust,Oasis Academy - Media City UK,OVO Foundation
Oasis Multi-Academy Trust,Oasis Academy - New Oak,MAT funding
Oasis Multi-Academy Trust,Oasis Academy - Nunsthorpe,MAT funding
Oasis Multi-Academy Trust,Oasis Academy - Oldham,MAT funding
Oasis Multi-Academy Trust,Oasis Academy - Parkwood,MAT funding
Oasis Multi-Academy Trust,Oasis Academy - Pinewood,MAT funding
Oasis Multi-Academy Trust,Oasis Academy - Putney,MAT funding
Oasis Multi-Academy Trust,Oasis Academy - Ryelands,OVO Foundation
Oasis Multi-Academy Trust,Oasis Academy - Shirley Park - Long Lane campus,MAT funding
Oasis Multi-Academy Trust,Oasis Academy - Shirley Park - Stroud Green campus,MAT funding
Oasis Multi-Academy Trust,Oasis Academy - Shirley Park Secondary,MAT funding
Oasis Multi-Academy Trust,Oasis Academy - Sholing,MAT funding
Oasis Multi-Academy Trust,Oasis Academy - Short Heath Primary,MAT funding
Oasis Multi-Academy Trust,Oasis Academy - Silvertown,MAT funding
Oasis Multi-Academy Trust,Oasis Academy - Skinner Street,MAT funding
Oasis Multi-Academy Trust,Oasis Academy - South Bank,OVO Foundation
Oasis Multi-Academy Trust,Oasis Academy - Temple,MAT funding
Oasis Multi-Academy Trust,Oasis Academy - Temple Quarter,MAT funding
Oasis Multi-Academy Trust,Oasis Academy - Warndon,OVO Foundation
Oasis Multi-Academy Trust,Oasis Academy - Watermead,MAT funding
Oasis Multi-Academy Trust,Oasis Academy - Wattville,MAT funding
Oasis Multi-Academy Trust,Oasis Academy - Wintringham,MAT funding
Oasis Multi-Academy Trust,Oasis Academy - Woodview,MAT funding
Odyssey Collaborative Trust,Asterdale Primary School,OVO Foundation
Odyssey Collaborative Trust,Beaufort Community Primary School,OVO Foundation
Odyssey Collaborative Trust,Borrow Wood Primary School,MAT funding
Odyssey Collaborative Trust,Cherry Tree Hill Primary School,OVO Foundation
Odyssey Collaborative Trust,Oakwood Junior School,OVO Foundation
Odyssey Collaborative Trust,Portway Junior School,MAT funding
Odyssey Collaborative Trust,Springfield Primary School,OVO Foundation
Other Independent Schools,Cokethorpe School,School self funding
Other Independent Schools,Forest School,School self funding
Other Independent Schools,Holme Grange School,School self funding
Other Independent Schools,Royal Russell School,School self funding
Other Independent Schools,Salisbury Cathedral School,School self funding
Other Independent Schools,Sherborne Girls,School self funding
Our Lady Immaculate Catholic Academies Trust,"Our Lady’s Catholic Primary School, Wellingborough",OVO Foundation
Our Lady Immaculate Catholic Academies Trust,Thomas Becket Catholic Secondary,Shoosmiths
Oxfordshire,Chilton Primary School,School self funding
Oxfordshire,Gillotts School,School self funding
Oxfordshire,Windmill Primary School,School self funding
Palladian Academy Trust,St Philip's Primary School,OVO Foundation
Palladian Academy Trust,Widcombe Infant School,Archive
Pembrokeshire/Sir Penfro,Broad Haven CP School,Egni
Pembrokeshire/Sir Penfro,Coastlands CP School,Egni
Pembrokeshire/Sir Penfro,Fenton Community Primary School,Egni
Pembrokeshire/Sir Penfro,Gelliswick School,Egni
Pembrokeshire/Sir Penfro,Golden Grove School,Egni
Pembrokeshire/Sir Penfro,Johnston School,Egni
Pembrokeshire/Sir Penfro,Lamphey Primary School,Egni
Pembrokeshire/Sir Penfro,Mary Immaculate Catholic Primary School,Egni
Pembrokeshire/Sir Penfro,Monkton Priory CP School,Archive
Pembrokeshire/Sir Penfro,Narberth Community Primary School,Egni
Pembrokeshire/Sir Penfro,Neyland Community School,Egni
Pembrokeshire/Sir Penfro,Pembroke Dock Community School,Egni
Pembrokeshire/Sir Penfro,Pennar Community School,Egni
Pembrokeshire/Sir Penfro,Portfield Special School,Egni
Pembrokeshire/Sir Penfro,Prendergast Primary School,Egni
Pembrokeshire/Sir Penfro,Puncheston Community Primary School,Egni
Pembrokeshire/Sir Penfro,Saundersfoot Community Primary School,Egni
Pembrokeshire/Sir Penfro,St Aidan's School,Egni
Pembrokeshire/Sir Penfro,St Francis Catholic Primary School,Egni
Pembrokeshire/Sir Penfro,St Oswald's Primary School,Egni
Pembrokeshire/Sir Penfro,Stepaside Primary School,Egni
Pembrokeshire/Sir Penfro,Tavernspite Primary School,Egni
Pembrokeshire/Sir Penfro,Tenby CIW Primary School,Egni
Pembrokeshire/Sir Penfro,Waldo Williams Primary School,Egni
Pembrokeshire/Sir Penfro,Ysgol Bro Ingli,Egni
Pembrokeshire/Sir Penfro,Ysgol Brynconin,Egni
Pembrokeshire/Sir Penfro,Ysgol Ger y Llan,Egni
Pembrokeshire/Sir Penfro,Ysgol Glannau Gwaun,Egni
Pembrokeshire/Sir Penfro,Ysgol Gymunedol Croesgoch,Egni
Pembrokeshire/Sir Penfro,Ysgol Gymunedol Eglwyswrw,Egni
Pembrokeshire/Sir Penfro,Ysgol Hafan y Mor,Egni
Pembrokeshire/Sir Penfro,Ysgol Harri Tudur,Egni
Pembrokeshire/Sir Penfro,Ysgol Penrhyn Dewi - Campws Aidan,Egni
Pembrokeshire/Sir Penfro,Ysgol Penrhyn Dewi - Campws Non,Egni
Pembrokeshire/Sir Penfro,Ysgol Penrhyn Dewi VA - Campws Dewi,Egni
Pembrokeshire/Sir Penfro,Ysgol Wirfoddol Cilgerran,Egni
Pembrokeshire/Sir Penfro,Ysgol y Frenni,Egni
Perth and Kinross,Fairview School,School self funding
Perth and Kinross,Invergowrie Primary School,Waiting list for funding
Perth and Kinross,Moncreiffe Primary School,School self funding
Perth and Kinross,Perth Academy,School self funding
Peterborough,Leighton Primary School,Drax
Peterborough Diocese Education Trust,Barby C of E Primary School,Drax
Peterborough Diocese Education Trust,Blakesley C of E Primary School,MAT funding
Peterborough Diocese Education Trust,Braunston C of E Primary School,MAT funding
Peterborough Diocese Education Trust,Collingtree C of E Primary School,Drax
Peterborough Diocese Education Trust,Cottingham C of E Primary School,MAT funding
Peterborough Diocese Education Trust,Cranford C of E Primary School,MAT funding
Peterborough Diocese Education Trust,Freeman's Endowed C of E Junior Academy,MAT funding
Peterborough Diocese Education Trust,Great Addington C of E Primary School,MAT funding
Peterborough Diocese Education Trust,Greens Norton C of E Primary School,MAT funding
Peterborough Diocese Education Trust,Guilsborough C of E Primary School,MAT funding
Peterborough Diocese Education Trust,Isham C of E Primary School,MAT funding
Peterborough Diocese Education Trust,Kislingbury C of E Primary School,MAT funding
Peterborough Diocese Education Trust,Loddington C of E Primary School,MAT funding
Peterborough Diocese Education Trust,Mears Ashby C of E Primary School,MAT funding
Peterborough Diocese Education Trust,Milton Parochial Primary School,Drax
Peterborough Diocese Education Trust,Oundle C of E Primary School,MAT funding
Peterborough Diocese Education Trust,Peakirk Cum Glinton Primary School,MAT funding
Peterborough Diocese Education Trust,Pytchley C of E Primary School,MAT funding
Peterborough Diocese Education Trust,Ringstead C of E Primary School,Drax
Peterborough Diocese Education Trust,Ryhall C of E Academy,MAT funding
Peterborough Diocese Education Trust,Silverstone C of E Primary,MAT funding
Peterborough Diocese Education Trust,Spratton C of E Primary School,Drax
Peterborough Diocese Education Trust,St Andrew's C of E Primary School & Nursery,MAT funding
Peterborough Diocese Education Trust,St Barnabas C of E School,MAT funding
Peterborough Diocese Education Trust,St James C of E Primary School,Drax
Peterborough Diocese Education Trust,St Luke's C of E Primary School,MAT funding
Peterborough Diocese Education Trust,"St Mary's C of E Primary School, Burton Latimer",MAT funding
Peterborough Diocese Education Trust,Staverton C of E Primary School,MAT funding
Peterborough Diocese Education Trust,Sywell C of E Primary School,MAT funding
Peterborough Diocese Education Trust,Towcester C of E Primary School,MAT funding
Peterborough Diocese Education Trust,Trinity C of E Primary School,MAT funding
Peterborough Diocese Education Trust,Weldon C of E Primary School,MAT funding
Peterborough Diocese Education Trust,"Welford, Sibbertoft & Sulby Endowed School",MAT funding
Peterborough Diocese Education Trust,William Law C of E Primary School,MAT funding
Pontefract Academies Trust,Carleton High School,MAT funding
Pontefract Academies Trust,Carleton Park Junior & Infant School,MAT funding
Pontefract Academies Trust,De Lacy Primary School,MAT funding
Pontefract Academies Trust,Halfpenny Lane Junior & Infant School,MAT funding
Pontefract Academies Trust,Larks Hill Junior & Infant School,MAT funding
Pontefract Academies Trust,Northfield Primary School,MAT funding
Pontefract Academies Trust,Orchard Head Junior & Infant School,MAT funding
Pontefract Academies Trust,The King's School,MAT funding
Pontefract Academies Trust,The Rookeries Carleton Junior & Infant School,MAT funding
Powys,Clyro Church in Wales Primary School,Talybont-on-Usk Community Energy
Powys,Llangynidr Community Primary School,Talybont-on-Usk Community Energy
Powys,Ysgol Penmaes,Talybont-on-Usk Community Energy
Powys,Ysgol y Bannau,Talybont-on-Usk Community Energy
Prince Albert Community Trust,Birchfield Primary School,MAT funding
Prince Albert Community Trust,Heathfield Primary School,OVO Foundation
Prince Albert Community Trust,Highfield J&I School,OVO Foundation
Prince Albert Community Trust,Lakey Lane School,MAT funding
Prince Albert Community Trust,Prince Albert High School,Mace
Prince Albert Community Trust,Prince Albert Primary School,MAT funding
Prince Albert Community Trust,"Sutton Park Primary School, Sutton Coldfield",OVO Foundation
Quality First Education Trust,Belleville Primary School - Meteor Street,Shoosmiths
Quality First Education Trust,Belleville Primary School - Webb's Road,Shoosmiths
Quality First Education Trust,Belleville Wix Academy,Shoosmiths
Quality First Education Trust,"Churchfields Primary School, Bromley",MAT funding
Quality First Education Trust,The Alton School,Shoosmiths
Reading,The Hill Primary School,School self funding
Red Kite Learning Trust,Austhorpe Primary School,Drax
Red Kite Learning Trust,Colton Primary School,MAT funding
Red Kite Learning Trust,Coppice Valley Primary School,MAT funding
Red Kite Learning Trust,Crawshaw Academy,MAT funding
Red Kite Learning Trust,Harrogate Grammar School,MAT funding
Red Kite Learning Trust,Meadowfield Primary School,Drax
Red Kite Learning Trust,Oatlands Junior School,MAT funding
Red Kite Learning Trust,Rossett Acre Primary School,Drax
Red Kite Learning Trust,Rossett School,Drax
Red Kite Learning Trust,Saltergate School,OVO Foundation
Red Kite Learning Trust,Temple Learning Academy,MAT funding
Red Kite Learning Trust,Temple Moor High School,MAT funding
Red Kite Learning Trust,Templenewsam Halton Primary School,MAT funding
Red Kite Learning Trust,Western Primary School,Drax
Red Kite Learning Trust,Whitkirk Primary School,MAT funding
Redbridge,Churchfields Junior School,OVO Foundation
Roseland Multi-Academy Trust,Falmouth School,MAT funding
Roseland Multi-Academy Trust,Gerrans School,MAT funding
Roseland Multi-Academy Trust,The Roseland Academy,MAT funding
Roseland Multi-Academy Trust,Tregony Primary School,MAT funding
Roseland Multi-Academy Trust,Treviglas Academy,MAT funding
Rotherham,Aughton Early Years Centre,Drax
Rotherham,Broom Valley Community School,School self funding
Rotherham,Wales High School,Drax
Rugby,Bilton C of E Junior School,OVO Foundation
Salterns Academy Trust,Admiral Lord Nelson School,MAT funding
Salterns Academy Trust,Mayfield School,MAT funding
Salterns Academy Trust,Trafalgar School,MAT funding
Selby Educational Trust,Carlton Primary School,Archive
Selby Educational Trust,Selby Community Primary School,Archive
SENDAT,Duke of Lancaster Academy,Archive
Sheffield,Ecclesfield Primary School,Archive
Sheffield,Mundella Primary School,Drax
Sheffield,Porter Croft Church of England Primary Academy,School self funding
Sheffield,Rowan School,Shoosmiths
Sir John Brunner Foundation,Middlewich High School,MAT funding
Sir John Brunner Foundation,Sir John Deane's Sixth Form College,MAT funding
Sir John Brunner Foundation,"The County High School, Leftwich",MAT funding
Sir John Brunner Foundation,The Macclesfield Academy,MAT funding
Skinners' Academies Trust,The Skinners' Kent Academy,MAT funding
Somerset,Bishop Fox's School,School self funding
South West Essex Community Education Trust,Chadwell St Mary Primary School,MAT funding
South West Essex Community Education Trust,Deneholm Primary School,MAT funding
South West Essex Community Education Trust,Marshalls Park Academy,MAT funding
South West Essex Community Education Trust,Orsett Heath Academy,MAT funding
South West Essex Community Education Trust,Stifford Clays Primary School,MAT funding
South West Essex Community Education Trust,William Edwards School,MAT funding
Southwark,Dulwich Village C of E Infants' School,Archive
Spencer Academies Trust,Ashwood Spencer Academy,OVO Foundation
Spencer Academies Trust,Chetwynd Spencer Academy,MAT funding
Spencer Academies Trust,Derby Moor Spencer Academy,Drax
Spencer Academies Trust,Fairfield Spencer Academy,Drax
Spencer Academies Trust,Heanor Gate Spencer Academy,MAT funding
Spencer Academies Trust,Hilton Spencer Academy,Drax
Spencer Academies Trust,Inkersall Spencer Academy,Drax
Spencer Academies Trust,Millside Spencer Academy,Drax
Spencer Academies Trust,Rosecliffe Spencer Academy,Drax
Spencer Academies Trust,Rushcliffe Spencer Academy,Drax
Spencer Academies Trust,St Giles Spencer Academy,OVO Foundation
Spencer Academies Trust,Sunnyside Spencer Academy,OVO Foundation
Spencer Academies Trust,Wyndham Spencer Academy,Drax
St Ralph Sherwin CMAT,English Martyrs' Catholic Voluntary Academy,Drax
St Ralph Sherwin CMAT,St Thomas Catholic Voluntary Academy,School self funding
St Thomas Aquinas CMAT,Christ the King Catholic Primary School (Infant site),OVO Foundation
St Thomas Aquinas CMAT,Christ the King Catholic Voluntary Academy (Junior Site),Big Give 2025
Stowe Valley Multi-Academy Trust,Bishops Itchington Primary School,School self funding
Suffolk,Hadleigh High School,Suffolk County Council
Suffolk,"St Mary's Church of England Academy, Mildenhall",Drax
Suffolk,The Ashley School,Drax
Surrey,The Hythe Community Primary School,Archive
Sutton,Robin Hood Junior School,School self funding
Swansea/Abertawe,Birchgrove Comprehensive School,School self funding
Swansea/Abertawe,Bishop Gore School,School self funding
Swansea/Abertawe,Pontarddulais Primary School,Archive
Telford and Wrekin,Hollinswood Primary School and Nursery,OVO Foundation
The Active Learning Trust,Chantry Academy,MAT funding
The Active Learning Trust,Chesterton Primary School,OVO Foundation
The Active Learning Trust,Cromwell Community College,Drax
The Active Learning Trust,Earith Primary School,MAT funding
The Active Learning Trust,Gusford Primary School,Drax
The Active Learning Trust,Highfield Ely Academy,MAT funding
The Active Learning Trust,Hillside Primary School,MAT funding
The Active Learning Trust,Isle of Ely Primary School,MAT funding
The Active Learning Trust,Neale-Wade Academy,Drax
The Active Learning Trust,Pakefield Primary School,MAT funding
The Active Learning Trust,Red Oak Primary School,MAT funding
The Active Learning Trust,Reydon Primary School,MAT funding
The Active Learning Trust,Sidegate Primary School,Drax
The Active Learning Trust,The Albert Pye Community Primary School,MAT funding
The Active Learning Trust,The Grove Primary School,MAT funding
The Active Learning Trust,Westwood Primary School,MAT funding
The Cam Academy Trust,Comberton Village College,Drax
The Diocese of Coventry Multi-Academy Trust,All Saints Bedworth CofE Academy,Mace
The Diocese of Coventry Multi-Academy Trust,"Harris CofE Academy, Rugby",MAT funding
The Diocese of Coventry Multi-Academy Trust,Queens CofE Academy,Archive
The Diocese of Coventry Multi-Academy Trust,St Nicolas CofE Academy,Archive
The Diocese of Coventry Multi-Academy Trust,Stretton Church of England Academy,OVO Foundation
The Education Alliance,Howden C of E Infant School,Drax
The Education Alliance,Howden Junior School,Drax
The Education Alliance,Hunsley Primary,Drax
The Education Alliance,Malet Lambert,Drax
The Education Alliance,North Cave C of E Primary School,Drax
The Education Alliance,South Hunsley School and Sixth Form College,Drax
The Education Alliance,The Snaith School,Drax
The GORSE Academies Trust,Bardsey Primary School,Drax
The GORSE Academies Trust,Boston Spa Academy,MAT funding
The GORSE Academies Trust,Bruntcliffe Academy,Drax
The GORSE Academies Trust,Elliott Hudson College,MAT funding
The GORSE Academies Trust,Hillcrest Academy,Drax
The GORSE Academies Trust,John Smeaton Academy,MAT funding
The GORSE Academies Trust,Leeds Mathematics School,MAT funding
The GORSE Academies Trust,Little London Academy,MAT funding
The GORSE Academies Trust,Morley Newlands Academy,Drax
The GORSE Academies Trust,Richmond Hill Academy,MAT funding
The GORSE Academies Trust,Ryecroft Academy,Drax
The GORSE Academies Trust,The Farnley Academy,Drax
The GORSE Academies Trust,The Morley Academy,Drax
The GORSE Academies Trust,The Ruth Gorse Academy,Drax
The GORSE Academies Trust,The Stephen Longfellow Academy,Drax
The Partnership Trust,Marksbury C of E Primary School,School self funding
The Partnership Trust,Pensford Primary School,King Charles III Charitable Fund
The Partnership Trust,The Mendip School,School self funding
The Priory Learning Trust,Berrow Primary Church Academy,MAT funding
The Priory Learning Trust,Castle Batch Primary School Academy,MAT funding
The Priory Learning Trust,East Huntspill Primary Academy,OVO Foundation
The Priory Learning Trust,Pawlett Primary School Academy,MAT funding
The Priory Learning Trust,Priory Community School Academy,MAT funding
The Priory Learning Trust,St Anne's Church Academy - West Wick Site,MAT funding
The Priory Learning Trust,The King Alfred School,OVO Foundation
The Priory Learning Trust,West Huntspill Primary Academy,OVO Foundation
The Priory Learning Trust,Worle Community School,OVO Foundation
The Rose Learning Trust,Balby Primary Academy,OVO Foundation
The Rose Learning Trust,Crowle Primary Academy,MAT funding
The Rose Learning Trust,Hatchell Wood Primary Academy,MAT funding
The Rose Learning Trust,Hibaldstow Academy,Drax
The Rose Learning Trust,Lakeside Primary Academy,Shoosmiths
The Rose Learning Trust,Owston Park Primary Academy,OVO Foundation
The Rose Learning Trust,Richmond Hill Primary Academy,MAT funding
The Rose Learning Trust,Scawby Academy,MAT funding
The Rose Learning Trust,Scawsby Junior Academy,MAT funding
The Rose Learning Trust,Town Field Primary School,OVO Foundation
The Rose Learning Trust,Woodfield Primary School,OVO Foundation
The Two Counties Trust,Ashfield School,Archive
The Two Counties Trust,Frederick Gent School,Drax
The Two Counties Trust,Friesland School,Archive
The Two Counties Trust,Heritage High School,Drax
The Two Counties Trust,Manor Academy,Archive
The Two Counties Trust,Selston High School,Archive
The Two Counties Trust,Springwell Community College,Archive
The Two Counties Trust,Swanwick Hall School,Archive
The Two Counties Trust,Wilsthorpe School,Drax
Together Learning Trust,Bolton Brow Academy,Drax
Together Learning Trust,Brooksbank School,Drax
Together Learning Trust,Castle Hill School,Drax
Together Learning Trust,Honley High School,Drax
Together Learning Trust,Linthwaite Clough School,Drax
Together Learning Trust,Meltham Moor Primary School,Drax
Together Learning Trust,Netherton Infant & Nursery School,Drax
Together Learning Trust,Ryburn Valley High School,Drax
Together Learning Trust,Scout Road Academy,Drax
Tudor Grange Academies Trust,Robert Smyth Academy,MAT funding
Tudor Grange Academies Trust,Tudor Grange Academy Kingshurst,Shoosmiths
Tudor Grange Academies Trust,Tudor Grange Academy Redditch,Shoosmiths
Tudor Grange Academies Trust,Tudor Grange Academy Solihull,MAT funding
Tudor Grange Academies Trust,Tudor Grange Academy Worcester,MAT funding
Tudor Grange Academies Trust,Tudor Grange Primary Academy Haselor,MAT funding
Tudor Grange Academies Trust,Tudor Grange Primary Academy Hockley Heath,MAT funding
Tudor Grange Academies Trust,Tudor Grange Primary Academy Langley,MAT funding
Tudor Grange Academies Trust,Tudor Grange Primary Academy Meon Vale,MAT funding
Tudor Grange Academies Trust,Tudor Grange Primary Academy Perdiswell,Pending data
Tudor Grange Academies Trust,Tudor Grange Primary Academy St James,MAT funding
Tudor Grange Academies Trust,Tudor Grange Primary Academy Yew Tree,MAT funding
Tudor Grange Academies Trust,Tudor Grange Samworth Academy,Shoosmiths
United Learning,Abbey Hey Primary Academy,OVO Foundation
United Learning,Accrington Academy,School self funding
United Learning,AKS Lytham,School self funding
United Learning,Avonbourne Boys' Academy,School self funding
United Learning,Avonbourne Girls' Academy,School self funding
United Learning,Avonwood Primary School,School self funding
United Learning,Bacon's College,School self funding
United Learning,Barnsley Academy,School self funding
United Learning,Cravenwood Primary Academy,School self funding
United Learning,Ernest Bevin Academy,School self funding
United Learning,George Eliot Academy,School self funding
United Learning,Glenmoor Academy,OVO Foundation
United Learning,Guildford High School,School self funding
United Learning,Hartshill Academy,Archive
United Learning,Heath Lane Academy,Archive
United Learning,"High Hazels Junior, Infant & Nursery",OVO Foundation
United Learning,Manchester Academy,School self funding
United Learning,Midhurst Rother College,School self funding
United Learning,Newstead Wood School,OVO Foundation
United Learning,Northampton Academy,Mace
United Learning,North Oxfordshire Academy,School self funding
United Learning,Nova Hreod Academy,School self funding
United Learning,Nuneaton Academy,School self funding
United Learning,Paddington Academy,School self funding
United Learning,Parkside Community College,School self funding
United Learning,Seahaven Academy,School self funding
United Learning,Sedgehill Academy,School self funding
United Learning,Sheffield Park Academy,School self funding
United Learning,Sheffield Springs Academy,School self funding
United Learning,Surbiton High School,School self funding
United Learning,Swindon Academy - Alton Close,School self funding
United Learning,Swindon Academy - Beech Avenue,School self funding
United Learning,The Galfrid School,School self funding
United Learning,The Hyndburn Academy,School self funding
United Learning,The Regis School,School self funding
United Learning,Trumpington Community College,School self funding
United Learning,Walthamstow Academy,School self funding
United Learning,Wilberforce Primary School,School self funding
United Learning,Winton Academy,OVO Foundation
Unity Schools Partnership,Burton End Primary Academy,Drax
Unity Schools Partnership,Castle Manor Academy,Drax
Unity Schools Partnership,Clements Primary School,Drax
Unity Schools Partnership,Colman Infant School,MAT funding
Unity Schools Partnership,Colman Junior School,MAT funding
Unity Schools Partnership,County High School,MAT funding
Unity Schools Partnership,Coupals Primary Academy,MAT funding
Unity Schools Partnership,Ditton Lodge Primary School,MAT funding
Unity Schools Partnership,Felixstowe School,Drax
Unity Schools Partnership,Glemsford Primary Academy,MAT funding
Unity Schools Partnership,Heartsease Primary Academy,Drax
Unity Schools Partnership,Henderson Green Primary Academy,MAT funding
Unity Schools Partnership,Houldsworth Valley Primary Academy,MAT funding
Unity Schools Partnership,Kedington Primary Academy,MAT funding
Unity Schools Partnership,Langer Primary Academy,MAT funding
Unity Schools Partnership,Laureate Community Academy,Drax
Unity Schools Partnership,Lingwood Primary Academy,Drax
Unity Schools Partnership,Place Farm Academy,Drax
Unity Schools Partnership,Samuel Ward Academy,MAT funding
Unity Schools Partnership,Sir Bobby Robson School,MAT funding
Unity Schools Partnership,Sir Peter Hall Special School,OVO Foundation
Unity Schools Partnership,Steeple Bumpstead Primary School,MAT funding
Unity Schools Partnership,The Bridge School,MAT funding
Unity Schools Partnership,The Compass School,OVO Foundation
Unity Schools Partnership,Thomas Gainsborough School,Drax
Unity Schools Partnership,Tollgate Primary School,MAT funding
Unity Schools Partnership,Valley Primary Academy,Drax
Unity Schools Partnership,Wells Hall Primary School,MAT funding
Unity Schools Partnership,West Row Academy,MAT funding
Unity Schools Partnership,Westfield Primary Academy,Drax
Unity Schools Partnership,Wickhambrook Primary Academy,MAT funding
Unity Schools Partnership,Woodhall Primary School,MAT funding
Vale of Glamorgan,Cowbridge Comprehensive School - Secondary school,School self funding
Vale of Glamorgan,Rhws Primary School,Vale of Glamorgan Council
Vale of Glamorgan,"St Joseph’s RC Primary School, Penarth",School self funding
Vale of Glamorgan,Stanwell School,Archive
Vale of Glamorgan,Ysgol Sant Baruc,Vale of Glamorgan Council
Walsall,Pinfold Street Primary School,Shoosmiths
Waltham Forest,Greenleaf Primary School,RAFT
Waltham Forest,Highams Park School,School self funding
Wandle Learning Trust,Chestnut Grove Academy,MAT funding
Wandle Learning Trust,Paxton Primary Academy,MAT funding
Warwickshire,Brookhurst Primary School,School self funding
Warwickshire,Clapham Terrace Community Primary School and Nursery,School self funding
Warwickshire,Coten End Primary School,School self funding
Wensum Trust,Alderman Peel High School,Archive
Wessex Multi-Academy Trust,Bere Regis School,Lux Nova
Wessex Multi-Academy Trust,Damers First School,Lux Nova
Wessex Multi-Academy Trust,Dorchester Middle School,Lux Nova
Wessex Multi-Academy Trust,Frome Valley First School,Lux Nova
Wessex Multi-Academy Trust,Manor Park First School,Lux Nova
Wessex Multi-Academy Trust,Milborne St Andrew First School,Lux Nova
Wessex Multi-Academy Trust,Piddle Valley First School,Lux Nova
Wessex Multi-Academy Trust,Puddletown First School,Lux Nova
Wessex Multi-Academy Trust,"St Mary's Middle School, Puddletown",Lux Nova
Wessex Multi-Academy Trust,St Osmund's Middle School,Lux Nova
Wessex Multi-Academy Trust,The Purbeck School,Lux Nova
Wessex Multi-Academy Trust,The Thomas Hardye School,Lux Nova
West Berkshire,Little Heath School,School self funding
West Berkshire,Robert Sandilands Primary School and Nursery,School self funding
West Sussex,Boxgrove C of E Primary School,Laser/npower
West Sussex,Holbrook Primary School,Laser/npower
West Sussex,St Lawrence CE Primary School,Laser/npower
West Sussex,The Angmering School,Archive
Westminster,The St Marylebone School - 14 Blandford St,School self funding
Westminster,The St Marylebone School - 64 Marylebone High Street,School self funding
Wickersley Partnership Trust,Aston Hall Primary School,Drax
Wickersley Partnership Trust,Aston Lodge Primary School,MAT funding
Wickersley Partnership Trust,Brinsworth Whitehill Primary School,MAT funding
Wickersley Partnership Trust,Clifton Community School,MAT funding
Wickersley Partnership Trust,Foljambe Primary School,MAT funding
Wickersley Partnership Trust,Monkwood Primary Academy,MAT funding
Wickersley Partnership Trust,Rawmarsh Ashwood Primary School,Drax
Wickersley Partnership Trust,Rawmarsh Community School,MAT funding
Wickersley Partnership Trust,Rawmarsh Sandhill Primary Academy,MAT funding
Wickersley Partnership Trust,The Gainsborough Academy,MAT funding
Wickersley Partnership Trust,Thrybergh Academy,MAT funding
Wickersley Partnership Trust,Thrybergh Primary School,MAT funding
Wickersley Partnership Trust,Wickersley School and Sports College,MAT funding
Wiltshire,Lyneham Primary School,Archive
Wiltshire,Sambourne Primary School,Archive
Wiltshire,Sheldon School,Archive
Wiltshire,"St Joseph's Catholic Primary School, Devizes",School self funding
Wiltshire,"St Mary's Primary School, Purton",OVO Foundation
Wiltshire,"St Michael's Primary School, Aldbourne",OVO Foundation
Wiltshire,Walwayne Court Primary School,OVO Foundation
