id,RGN22NM,LAD22CD
"555",North East,E06000003
"554",North East,E06000003
"556",North East,E06000004
"557",North East,E06000004
"1418",Yorkshire and The Humber,E06000010
"1356",Yorkshire and The Humber,E06000010
"1332",Yorkshire and The Humber,E06000011
"1333",Yorkshire and The Humber,E06000011
"1398",Yorkshire and The Humber,E06000011
"1336",Yorkshire and The Humber,E06000011
"1310",Yorkshire and The Humber,E06000011
"1474",Yorkshire and The Humber,E06000011
"1335",Yorkshire and The Humber,E06000011
"1395",Yorkshire and The Humber,E06000011
"1334",Yorkshire and The Humber,E06000011
"1594",Yorkshire and The Humber,E06000011
"448",Yorkshire and The Humber,E06000012
"461",Yorkshire and The Humber,E06000012
"434",Yorkshire and The Humber,E06000012
"1055",Yorkshire and The Humber,E06000013
"450",Yorkshire and The Humber,E06000013
"1100",Yorkshire and The Humber,E06000013
"1040",Yorkshire and The Humber,E06000013
"432",Yorkshire and The Humber,E06000013
"1078",Yorkshire and The Humber,E06000013
"1043",Yorkshire and The Humber,E06000013
"1541",Yorkshire and The Humber,E06000013
"1094",Yorkshire and The Humber,E06000013
"1046",Yorkshire and The Humber,E06000013
"1049",Yorkshire and The Humber,E06000013
"1044",Yorkshire and The Humber,E06000013
"1164",Yorkshire and The Humber,E06000013
"1098",Yorkshire and The Humber,E06000013
"1077",Yorkshire and The Humber,E06000013
"1105",Yorkshire and The Humber,E06000013
"1123",Yorkshire and The Humber,E06000013
"1041",Yorkshire and The Humber,E06000013
"1092",Yorkshire and The Humber,E06000013
"1088",Yorkshire and The Humber,E06000013
"1042",Yorkshire and The Humber,E06000013
"1118",Yorkshire and The Humber,E06000013
"1047",Yorkshire and The Humber,E06000013
"1095",Yorkshire and The Humber,E06000013
"1031",Yorkshire and The Humber,E06000014
"956",Yorkshire and The Humber,E06000014
"1029",Yorkshire and The Humber,E06000014
"1030",Yorkshire and The Humber,E06000014
"1033",Yorkshire and The Humber,E06000014
"1028",Yorkshire and The Humber,E06000014
"1032",Yorkshire and The Humber,E06000014
"532",East Midlands,E06000015
"537",East Midlands,E06000015
"565",East Midlands,E06000015
"1142",East Midlands,E06000015
"1143",East Midlands,E06000015
"542",East Midlands,E06000015
"564",East Midlands,E06000015
"524",East Midlands,E06000015
"518",East Midlands,E06000015
"1141",East Midlands,E06000015
"1144",East Midlands,E06000015
"519",East Midlands,E06000015
"337",East Midlands,E06000016
"340",East Midlands,E06000016
"341",East Midlands,E06000016
"272",East Midlands,E06000016
"350",East Midlands,E06000016
"321",East Midlands,E06000016
"328",East Midlands,E06000016
"1253",East Midlands,E06000016
"329",East Midlands,E06000016
"1588",East Midlands,E06000016
"334",East Midlands,E06000016
"1207",East Midlands,E06000016
"342",East Midlands,E06000016
"335",East Midlands,E06000016
"1213",East Midlands,E06000016
"339",East Midlands,E06000016
"1397",East Midlands,E06000016
"381",East Midlands,E06000016
"1632",East Midlands,E06000016
"596",East Midlands,E06000016
"332",East Midlands,E06000016
"353",East Midlands,E06000016
"320",East Midlands,E06000016
"359",East Midlands,E06000016
"1537",East Midlands,E06000016
"1275",East Midlands,E06000016
"1628",East Midlands,E06000016
"346",East Midlands,E06000016
"1278",East Midlands,E06000016
"1303",East Midlands,E06000016
"1281",East Midlands,E06000016
"648",East Midlands,E06000016
"1304",East Midlands,E06000016
"338",East Midlands,E06000016
"1288",East Midlands,E06000016
"1273",East Midlands,E06000016
"1519",East Midlands,E06000016
"1518",East Midlands,E06000016
"1699",East Midlands,E06000016
"1215",East Midlands,E06000016
"343",East Midlands,E06000016
"352",East Midlands,E06000016
"1314",East Midlands,E06000016
"1221",East Midlands,E06000016
"1211",East Midlands,E06000016
"383",East Midlands,E06000016
"408",East Midlands,E06000016
"592",East Midlands,E06000016
"1219",East Midlands,E06000016
"582",East Midlands,E06000016
"1216",East Midlands,E06000017
"1276",East Midlands,E06000017
"539",East Midlands,E06000018
"527",East Midlands,E06000018
"531",East Midlands,E06000018
"639",East Midlands,E06000018
"194",East Midlands,E06000018
"508",West Midlands,E06000020
"197",South West,E06000022
"62",South West,E06000022
"1121",South West,E06000022
"200",South West,E06000022
"201",South West,E06000022
"185",South West,E06000022
"181",South West,E06000022
"39",South West,E06000022
"631",South West,E06000022
"183",South West,E06000022
"184",South West,E06000022
"195",South West,E06000022
"48",South West,E06000022
"123",South West,E06000022
"193",South West,E06000022
"37",South West,E06000022
"128",South West,E06000022
"175",South West,E06000022
"703",South West,E06000022
"91",South West,E06000022
"650",South West,E06000022
"603",South West,E06000022
"1337",South West,E06000022
"1154",South West,E06000022
"46",South West,E06000022
"135",South West,E06000022
"10",South West,E06000022
"788",South West,E06000022
"121",South West,E06000022
"115",South West,E06000022
"990",South West,E06000022
"619",South West,E06000022
"776",South West,E06000022
"604",South West,E06000022
"122",South West,E06000022
"704",South West,E06000022
"70",South West,E06000022
"42",South West,E06000022
"405",South West,E06000022
"132",South West,E06000022
"1170",South West,E06000022
"679",South West,E06000022
"306",South West,E06000022
"1166",South West,E06000022
"127",South West,E06000022
"991",South West,E06000022
"53",South West,E06000022
"94",South West,E06000022
"1191",South West,E06000022
"136",South West,E06000022
"387",South West,E06000022
"6",South West,E06000022
"779",South West,E06000022
"41",South West,E06000022
"26",South West,E06000022
"133",South West,E06000022
"196",South West,E06000022
"1061",South West,E06000022
"620",South West,E06000022
"231",South West,E06000022
"645",South West,E06000022
"572",South West,E06000022
"131",South West,E06000022
"100",South West,E06000022
"992",South West,E06000022
"22",South West,E06000022
"66",South West,E06000022
"354",South West,E06000022
"1167",South West,E06000022
"771",South West,E06000022
"549",South West,E06000022
"994",South West,E06000022
"609",South West,E06000022
"182",South West,E06000023
"993",South West,E06000023
"570",South West,E06000023
"1363",South West,E06000023
"569",South West,E06000023
"1357",South West,E06000023
"1382",South West,E06000023
"444",South West,E06000023
"1361",South West,E06000023
"1321",South West,E06000023
"364",South West,E06000023
"441",South West,E06000023
"447",South West,E06000023
"1318",South West,E06000023
"1373",South West,E06000023
"1524",South West,E06000023
"378",South West,E06000023
"1360",South West,E06000023
"424",South West,E06000023
"1317",South West,E06000023
"1653",South West,E06000023
"1654",South West,E06000023
"1362",South West,E06000023
"1364",South West,E06000023
"1417",South West,E06000023
"437",South West,E06000023
"1365",South West,E06000023
"1359",South West,E06000023
"403",South West,E06000023
"1587",South West,E06000023
"1583",South West,E06000023
"1192",South West,E06000024
"1374",South West,E06000024
"413",South West,E06000024
"696",South West,E06000024
"106",South West,E06000024
"1384",South West,E06000024
"411",South West,E06000024
"659",South West,E06000024
"643",South West,E06000024
"407",South West,E06000024
"1381",South West,E06000024
"409",South West,E06000024
"1372",South West,E06000024
"1366",South West,E06000024
"1377",South West,E06000024
"414",South West,E06000024
"412",South West,E06000024
"777",South West,E06000024
"1380",South West,E06000024
"879",South West,E06000024
"401",South West,E06000024
"637",South West,E06000024
"621",South West,E06000024
"819",South West,E06000024
"406",South West,E06000024
"1178",South West,E06000024
"1396",South West,E06000024
"767",South West,E06000024
"805",South West,E06000024
"1387",South West,E06000024
"820",South West,E06000024
"1316",South West,E06000025
"326",South West,E06000025
"134",South West,E06000025
"1409",South West,E06000027
"980",South West,E06000030
"834",South West,E06000030
"853",South West,E06000030
"823",South West,E06000030
"1532",South West,E06000030
"1658",East of England,E06000031
"1526",East of England,E06000031
"1299",East of England,E06000031
"901",East of England,E06000031
"624",East of England,E06000034
"683",East of England,E06000034
"722",East of England,E06000034
"626",East of England,E06000034
"587",East of England,E06000034
"708",East of England,E06000034
"627",East of England,E06000034
"718",East of England,E06000034
"628",East of England,E06000034
"499",South East,E06000035
"457",South East,E06000035
"502",South East,E06000035
"498",South East,E06000035
"503",South East,E06000035
"495",South East,E06000035
"500",South East,E06000035
"494",South East,E06000035
"501",South East,E06000035
"1543",South East,E06000036
"1548",South East,E06000036
"1223",South East,E06000036
"1575",South East,E06000037
"1661",South East,E06000037
"376",South East,E06000038
"1222",South East,E06000038
"1703",South East,E06000038
"1549",South East,E06000038
"1546",South East,E06000038
"1547",South East,E06000038
"1406",South East,E06000039
"1405",South East,E06000039
"1389",South East,E06000039
"398",South East,E06000040
"399",South East,E06000040
"652",South East,E06000040
"953",South East,E06000040
"199",South East,E06000041
"919",South East,E06000041
"1550",South East,E06000041
"1544",South East,E06000041
"920",South East,E06000042
"932",South East,E06000042
"926",South East,E06000042
"934",South East,E06000042
"930",South East,E06000042
"927",South East,E06000042
"924",South East,E06000042
"923",South East,E06000042
"935",South East,E06000042
"925",South East,E06000042
"922",South East,E06000042
"938",South East,E06000042
"931",South East,E06000042
"945",South East,E06000043
"1640",South East,E06000043
"1120",South East,E06000043
"314",South East,E06000043
"948",South East,E06000043
"276",South East,E06000043
"1663",South East,E06000043
"386",South East,E06000043
"281",South East,E06000043
"653",South East,E06000043
"553",South East,E06000043
"324",South East,E06000043
"887",South East,E06000043
"902",South East,E06000043
"574",South East,E06000043
"327",South East,E06000043
"1163",South East,E06000043
"325",South East,E06000043
"940",South East,E06000043
"649",South East,E06000043
"633",South East,E06000043
"1577",South East,E06000043
"285",South East,E06000043
"1657",South East,E06000043
"356",South East,E06000043
"1579",South East,E06000043
"1649",South East,E06000043
"1600",South East,E06000043
"355",South East,E06000044
"1488",South East,E06000044
"129",South East,E06000044
"1529",South East,E06000044
"445",South East,E06000045
"1400",South East,E06000045
"764",South East,E06000045
"443",South East,E06000045
"275",North East,E06000047
"273",North East,E06000047
"283",North East,E06000047
"315",North East,E06000047
"266",North East,E06000047
"164",North East,E06000047
"301",North East,E06000047
"173",North East,E06000047
"178",North East,E06000047
"268",North East,E06000047
"171",North East,E06000047
"155",North East,E06000047
"279",North East,E06000047
"169",North East,E06000047
"148",North East,E06000047
"274",North East,E06000047
"163",North East,E06000047
"147",North East,E06000047
"162",North East,E06000047
"271",North East,E06000047
"280",North East,E06000047
"267",North East,E06000047
"153",North East,E06000047
"270",North East,E06000047
"149",North East,E06000047
"152",North East,E06000047
"1053",North West,E06000049
"1501",North West,E06000049
"1499",North West,E06000049
"1051",North West,E06000050
"1050",North West,E06000050
"1052",North West,E06000050
"1498",North West,E06000050
"1500",North West,E06000050
"192",West Midlands,E06000051
"912",West Midlands,E06000051
"255",South West,E06000052
"1513",South West,E06000052
"1424",South West,E06000052
"1465",South West,E06000052
"260",South West,E06000052
"257",South West,E06000052
"259",South West,E06000052
"261",South West,E06000052
"1445",South West,E06000052
"1428",South West,E06000052
"384",South West,E06000052
"1444",South West,E06000052
"1527",South West,E06000052
"1425",South West,E06000052
"1456",South West,E06000052
"1423",South West,E06000052
"365",South West,E06000052
"1450",South West,E06000052
"1494",South West,E06000052
"1430",South West,E06000052
"1463",South West,E06000052
"1492",South West,E06000052
"1448",South West,E06000052
"1426",South West,E06000052
"1432",South West,E06000052
"1188",South West,E06000052
"1427",South West,E06000052
"1516",South West,E06000052
"1451",South West,E06000052
"1422",South West,E06000052
"385",South West,E06000052
"1189",South West,E06000052
"380",South West,E06000052
"1457",South West,E06000052
"1431",South West,E06000052
"1429",South West,E06000052
"1455",South West,E06000052
"1515",South West,E06000052
"1458",South West,E06000052
"1433",South West,E06000052
"1446",South West,E06000052
"258",South West,E06000052
"1475",South West,E06000052
"1452",South West,E06000052
"1421",South West,E06000052
"1497",South West,E06000052
"1564",South West,E06000052
"1434",South West,E06000052
"1517",South West,E06000052
"821",South West,E06000054
"345",South West,E06000054
"1313",South West,E06000054
"318",South West,E06000054
"802",South West,E06000054
"1086",South West,E06000054
"803",South West,E06000054
"775",South West,E06000054
"1371",South West,E06000054
"717",South West,E06000054
"797",South West,E06000054
"393",South West,E06000054
"765",South West,E06000054
"713",South West,E06000054
"442",South West,E06000054
"269",South West,E06000054
"818",South West,E06000054
"812",South West,E06000054
"769",South West,E06000054
"827",South West,E06000054
"768",South West,E06000054
"808",South West,E06000054
"1312",South West,E06000054
"882",South West,E06000054
"799",South West,E06000054
"705",South West,E06000054
"787",South West,E06000054
"785",South West,E06000054
"766",South West,E06000054
"939",South West,E06000054
"796",South West,E06000054
"706",South West,E06000054
"801",South West,E06000054
"410",South West,E06000054
"798",South West,E06000054
"714",South West,E06000054
"729",South West,E06000054
"262",South West,E06000054
"960",South West,E06000054
"466",East of England,E06000055
"464",East of England,E06000055
"465",East of England,E06000055
"467",East of England,E06000055
"1416",East of England,E06000056
"1403",East of England,E06000056
"1625",East of England,E06000056
"1466",East of England,E06000056
"1412",East of England,E06000056
"1410",East of England,E06000056
"910",South West,E06000058
"909",South West,E06000058
"917",South West,E06000058
"918",South West,E06000058
"928",South West,E06000058
"951",South West,E06000058
"602",South West,E06000059
"1413",South West,E06000059
"599",South West,E06000059
"598",South West,E06000059
"577",South West,E06000059
"1254",South West,E06000059
"1255",South West,E06000059
"1411",South West,E06000059
"1404",South West,E06000059
"597",South West,E06000059
"1256",South West,E06000059
"1257",South West,E06000059
"601",South West,E06000059
"1259",South West,E06000059
"600",South West,E06000059
"1258",South West,E06000059
"1290",East Midlands,E06000061
"1293",East Midlands,E06000061
"1285",East Midlands,E06000061
"936",East Midlands,E06000061
"929",East Midlands,E06000061
"1269",East Midlands,E06000061
"1260",East Midlands,E06000061
"1263",East Midlands,E06000061
"1270",East Midlands,E06000061
"1274",East Midlands,E06000061
"1296",East Midlands,E06000061
"1294",East Midlands,E06000061
"1271",East Midlands,E06000061
"1268",East Midlands,E06000061
"1292",East Midlands,E06000061
"1266",East Midlands,E06000061
"1297",East Midlands,E06000061
"1262",East Midlands,E06000061
"921",East Midlands,E06000061
"1419",East Midlands,E06000062
"1195",East Midlands,E06000062
"1267",East Midlands,E06000062
"1435",East Midlands,E06000062
"1282",East Midlands,E06000062
"1291",East Midlands,E06000062
"1467",East Midlands,E06000062
"816",East Midlands,E06000062
"1264",East Midlands,E06000062
"1239",East Midlands,E06000062
"1298",East Midlands,E06000062
"1240",East Midlands,E06000062
"1241",East Midlands,E06000062
"1420",East Midlands,E06000062
"1265",East Midlands,E06000062
"1289",East Midlands,E06000062
"382",East Midlands,E06000062
"1287",East Midlands,E06000062
"1261",East Midlands,E06000062
"1272",East Midlands,E06000062
"1295",East Midlands,E06000062
"763",East of England,E07000008
"1578",East of England,E07000008
"1567",East of England,E07000008
"1665",East of England,E07000008
"1681",East of England,E07000008
"792",East of England,E07000009
"1343",East of England,E07000009
"667",East of England,E07000009
"1348",East of England,E07000009
"737",East of England,E07000009
"1347",East of England,E07000010
"1339",East of England,E07000010
"1350",East of England,E07000011
"1542",East of England,E07000011
"1056",East of England,E07000011
"709",East of England,E07000012
"642",East of England,E07000012
"780",East of England,E07000012
"773",East of England,E07000012
"774",East of England,E07000012
"791",East of England,E07000012
"658",East of England,E07000012
"651",East of England,E07000012
"711",East of England,E07000012
"1597",East of England,E07000012
"770",East of England,E07000012
"1581",East of England,E07000012
"1171",North West,E07000028
"1124",North West,E07000028
"1150",East Midlands,E07000032
"526",East Midlands,E07000032
"1146",East Midlands,E07000032
"1646",East Midlands,E07000032
"1441",East Midlands,E07000032
"1520",East Midlands,E07000032
"1641",East Midlands,E07000032
"1644",East Midlands,E07000032
"1058",East Midlands,E07000033
"1438",East Midlands,E07000033
"1057",East Midlands,E07000033
"800",East Midlands,E07000033
"778",East Midlands,E07000033
"1436",East Midlands,E07000033
"1647",East Midlands,E07000034
"1645",East Midlands,E07000034
"1491",East Midlands,E07000034
"521",East Midlands,E07000034
"1461",East Midlands,E07000035
"1660",East Midlands,E07000035
"567",East Midlands,E07000036
"1140",East Midlands,E07000036
"1442",East Midlands,E07000036
"1437",East Midlands,E07000036
"1145",East Midlands,E07000036
"1651",East Midlands,E07000036
"874",East Midlands,E07000036
"838",East Midlands,E07000036
"566",East Midlands,E07000036
"1147",East Midlands,E07000037
"1447",East Midlands,E07000037
"1462",East Midlands,E07000037
"1152",East Midlands,E07000037
"899",East Midlands,E07000037
"895",East Midlands,E07000037
"1139",East Midlands,E07000037
"1464",East Midlands,E07000037
"1148",East Midlands,E07000037
"1151",East Midlands,E07000037
"1642",East Midlands,E07000037
"1590",East Midlands,E07000038
"1662",East Midlands,E07000038
"1643",East Midlands,E07000038
"1284",East Midlands,E07000039
"1536",East Midlands,E07000039
"546",East Midlands,E07000039
"536",East Midlands,E07000039
"1453",East Midlands,E07000039
"529",East Midlands,E07000039
"1149",East Midlands,E07000039
"528",East Midlands,E07000039
"1302",East Midlands,E07000039
"530",East Midlands,E07000039
"1586",East Midlands,E07000039
"523",East Midlands,E07000039
"1676",South West,E07000042
"1683",South West,E07000042
"906",South West,E07000043
"647",South West,E07000043
"1054",South East,E07000061
"578",South East,E07000061
"140",South East,E07000061
"313",South East,E07000062
"146",South East,E07000062
"156",South East,E07000062
"161",South East,E07000063
"141",South East,E07000063
"151",South East,E07000063
"316",South East,E07000063
"1561",South East,E07000063
"158",South East,E07000063
"143",South East,E07000063
"137",South East,E07000063
"1530",South East,E07000063
"323",South East,E07000063
"509",South East,E07000063
"138",South East,E07000063
"139",South East,E07000064
"144",South East,E07000064
"142",South East,E07000064
"150",South East,E07000064
"793",South East,E07000064
"159",South East,E07000064
"756",South East,E07000064
"322",South East,E07000064
"157",South East,E07000065
"216",South East,E07000065
"309",South East,E07000065
"331",South East,E07000065
"160",South East,E07000065
"296",South East,E07000065
"145",South East,E07000065
"154",South East,E07000065
"751",East of England,E07000067
"1390",East of England,E07000070
"1702",East of England,E07000072
"1664",East of England,E07000072
"1697",East of England,E07000072
"1696",East of England,E07000072
"1695",East of England,E07000072
"241",East of England,E07000076
"689",East of England,E07000077
"638",South East,E07000084
"198",South East,E07000085
"180",South East,E07000087
"896",South East,E07000091
"1701",East of England,E07000099
"783",East of England,E07000102
"795",East of England,E07000102
"634",East of England,E07000102
"629",East of England,E07000103
"814",South East,E07000105
"610",South East,E07000107
"475",South East,E07000107
"496",South East,E07000107
"476",South East,E07000107
"613",South East,E07000107
"611",South East,E07000107
"477",South East,E07000107
"471",South East,E07000107
"470",South East,E07000107
"1495",South East,E07000107
"486",South East,E07000110
"482",South East,E07000110
"468",South East,E07000110
"481",South East,E07000110
"487",South East,E07000110
"484",South East,E07000110
"497",South East,E07000111
"493",South East,E07000111
"478",South East,E07000113
"435",South East,E07000113
"1668",South East,E07000113
"1045",South East,E07000114
"1004",South East,E07000114
"1019",South East,E07000114
"885",South East,E07000114
"1009",South East,E07000114
"479",South East,E07000115
"978",South East,E07000115
"480",South East,E07000116
"483",South East,E07000116
"1666",South East,E07000116
"485",South East,E07000116
"580",South East,E07000116
"1535",North West,E07000119
"1182",North West,E07000120
"1468",North West,E07000120
"1134",North West,E07000120
"1021",East Midlands,E07000129
"1286",East Midlands,E07000129
"1394",East Midlands,E07000129
"588",East Midlands,E07000130
"1022",East Midlands,E07000130
"594",East Midlands,E07000130
"1026",East Midlands,E07000130
"590",East Midlands,E07000130
"1000",East Midlands,E07000130
"1020",East Midlands,E07000130
"961",East Midlands,E07000130
"1002",East Midlands,E07000130
"962",East Midlands,E07000130
"1218",East Midlands,E07000130
"995",East Midlands,E07000130
"1023",East Midlands,E07000130
"1001",East Midlands,E07000130
"1214",East Midlands,E07000130
"595",East Midlands,E07000130
"591",East Midlands,E07000130
"1217",East Midlands,E07000130
"1208",East Midlands,E07000130
"589",East Midlands,E07000130
"1393",East Midlands,E07000131
"1212",East Midlands,E07000131
"1392",East Midlands,E07000131
"1592",East Midlands,E07000132
"263",East Midlands,E07000132
"998",East Midlands,E07000132
"997",East Midlands,E07000132
"1206",East Midlands,E07000132
"1210",East Midlands,E07000132
"999",East Midlands,E07000133
"1025",East Midlands,E07000133
"525",East Midlands,E07000133
"996",East Midlands,E07000133
"1209",East Midlands,E07000134
"586",East Midlands,E07000134
"593",East Midlands,E07000134
"585",East Midlands,E07000134
"1700",East Midlands,E07000134
"584",East Midlands,E07000135
"583",East Midlands,E07000135
"988",East Midlands,E07000142
"1608",East of England,E07000143
"1060",East of England,E07000143
"1070",East of England,E07000143
"1603",East of England,E07000143
"1068",East of England,E07000143
"1604",East of England,E07000143
"608",East of England,E07000144
"415",East of England,E07000144
"606",East of England,E07000144
"607",East of England,E07000144
"618",East of England,E07000144
"1487",East of England,E07000144
"1626",East of England,E07000144
"579",East of England,E07000144
"581",East of England,E07000144
"562",East of England,E07000144
"622",East of England,E07000144
"1627",East of England,E07000144
"1609",East of England,E07000145
"1618",East of England,E07000145
"1634",East of England,E07000145
"1615",East of England,E07000145
"954",East of England,E07000145
"1605",East of England,E07000145
"1072",East of England,E07000146
"615",East of England,E07000146
"1066",East of England,E07000146
"1067",East of England,E07000146
"1071",East of England,E07000146
"1063",East of England,E07000146
"1659",East of England,E07000146
"1062",East of England,E07000146
"1607",East of England,E07000146
"1069",East of England,E07000146
"550",East of England,E07000147
"1097",East of England,E07000147
"614",East of England,E07000147
"1616",East of England,E07000147
"782",East of England,E07000147
"1655",East of England,E07000148
"892",East of England,E07000148
"1606",East of England,E07000148
"1613",East of England,E07000148
"416",East of England,E07000148
"1611",East of England,E07000148
"417",East of England,E07000148
"1610",East of England,E07000148
"253",East of England,E07000148
"1656",East of England,E07000148
"1619",East of England,E07000148
"1633",East of England,E07000149
"1612",East of England,E07000149
"1617",East of England,E07000149
"1237",Yorkshire and The Humber,E07000165
"1231",Yorkshire and The Humber,E07000165
"1238",Yorkshire and The Humber,E07000165
"1226",Yorkshire and The Humber,E07000165
"1228",Yorkshire and The Humber,E07000165
"1233",Yorkshire and The Humber,E07000165
"1320",Yorkshire and The Humber,E07000169
"1319",Yorkshire and The Humber,E07000169
"1440",East Midlands,E07000170
"1443",East Midlands,E07000170
"1667",East Midlands,E07000171
"1635",East Midlands,E07000171
"1540",East Midlands,E07000172
"533",East Midlands,E07000172
"541",East Midlands,E07000172
"543",East Midlands,E07000172
"538",East Midlands,E07000172
"534",East Midlands,E07000173
"1439",East Midlands,E07000174
"1636",East Midlands,E07000175
"1301",East Midlands,E07000176
"522",East Midlands,E07000176
"535",East Midlands,E07000176
"850",South East,E07000177
"904",South East,E07000177
"855",South East,E07000178
"234",South East,E07000178
"829",South East,E07000178
"221",South East,E07000178
"811",South East,E07000178
"852",South East,E07000178
"832",South East,E07000178
"830",South East,E07000178
"833",South East,E07000178
"868",South East,E07000178
"847",South East,E07000178
"867",South East,E07000178
"864",South East,E07000178
"250",South East,E07000178
"126",South East,E07000178
"825",South East,E07000179
"845",South East,E07000179
"865",South East,E07000179
"1673",South East,E07000179
"866",South East,E07000179
"835",South East,E07000179
"1545",South East,E07000179
"97",South East,E07000180
"119",South East,E07000180
"105",South East,E07000180
"113",South East,E07000180
"1652",South East,E07000180
"1685",South East,E07000180
"854",South East,E07000181
"1533",South East,E07000181
"828",South East,E07000181
"98",South East,E07000181
"849",South East,E07000181
"869",South East,E07000181
"851",South East,E07000181
"831",South East,E07000181
"826",South East,E07000181
"806",South East,E07000181
"856",South East,E07000181
"78",South West,E07000187
"663",South West,E07000187
"104",South West,E07000187
"89",South West,E07000187
"88",South West,E07000187
"894",South West,E07000187
"891",South West,E07000187
"881",South West,E07000187
"1074",South West,E07000187
"669",South West,E07000187
"76",South West,E07000187
"116",South West,E07000187
"77",South West,E07000187
"1385",South West,E07000188
"870",South West,E07000188
"1376",South West,E07000188
"804",South West,E07000188
"635",South West,E07000188
"630",South West,E07000188
"96",South West,E07000188
"1375",South West,E07000188
"1220",South West,E07000188
"1383",South West,E07000188
"1386",South West,E07000188
"662",South West,E07000189
"605",South West,E07000189
"1307",West Midlands,E07000193
"1308",West Midlands,E07000193
"1169",West Midlands,E07000193
"1283",West Midlands,E07000193
"1327",West Midlands,E07000193
"1340",West Midlands,E07000193
"1306",West Midlands,E07000193
"1305",West Midlands,E07000193
"1469",West Midlands,E07000193
"761",East of England,E07000200
"740",East of England,E07000200
"758",East of England,E07000200
"753",East of England,E07000200
"1081",East of England,E07000200
"762",East of England,E07000200
"1358",East of England,E07000202
"1344",East of England,E07000202
"1353",East of England,E07000202
"749",East of England,E07000202
"1346",East of England,E07000202
"1087",South East,E07000208
"1571",South East,E07000209
"989",South East,E07000211
"1684",South East,E07000212
"1591",West Midlands,E07000218
"1601",West Midlands,E07000219
"946",West Midlands,E07000219
"1596",West Midlands,E07000219
"1569",West Midlands,E07000219
"1669",West Midlands,E07000219
"1593",West Midlands,E07000219
"1595",West Midlands,E07000220
"1539",West Midlands,E07000220
"1682",West Midlands,E07000221
"1204",West Midlands,E07000221
"1205",West Midlands,E07000221
"1201",West Midlands,E07000221
"1200",West Midlands,E07000221
"1202",West Midlands,E07000221
"1199",West Midlands,E07000221
"1203",West Midlands,E07000221
"1197",West Midlands,E07000221
"1557",West Midlands,E07000222
"1198",West Midlands,E07000222
"1584",West Midlands,E07000222
"884",South East,E07000224
"813",South East,E07000224
"952",South East,E07000224
"1551",South East,E07000224
"1508",South East,E07000225
"843",South East,E07000226
"1580",South East,E07000227
"1493",South East,E07000228
"1243",West Midlands,E07000234
"1230",West Midlands,E07000236
"1246",West Midlands,E07000236
"1250",West Midlands,E07000236
"1242",West Midlands,E07000236
"1476",West Midlands,E07000236
"1252",West Midlands,E07000236
"1251",West Midlands,E07000236
"459",West Midlands,E07000237
"1247",West Midlands,E07000237
"177",West Midlands,E07000239
"1245",West Midlands,E07000239
"1244",West Midlands,E07000239
"644",East of England,E07000240
"368",East of England,E07000240
"646",East of England,E07000242
"1693",East of England,E07000243
"1694",East of England,E07000243
"1565",East of England,E07000244
"744",East of England,E07000244
"1562",East of England,E07000244
"1568",East of England,E07000244
"1082",East of England,E07000244
"739",East of England,E07000244
"1614",East of England,E07000244
"1378",East of England,E07000244
"1490",East of England,E07000244
"1566",East of England,E07000244
"1639",East of England,E07000244
"1563",East of England,E07000244
"750",East of England,E07000245
"1073",East of England,E07000245
"726",East of England,E07000245
"746",East of England,E07000245
"730",East of England,E07000245
"772",East of England,E07000245
"731",East of England,E07000245
"742",East of England,E07000245
"743",East of England,E07000245
"741",East of England,E07000245
"1065",East of England,E07000245
"734",East of England,E07000245
"755",East of England,E07000245
"1006",East of England,E07000245
"757",East of England,E07000245
"754",East of England,E07000245
"735",East of England,E07000245
"745",East of England,E07000245
"738",East of England,E07000245
"748",East of England,E07000245
"736",East of England,E07000245
"752",East of England,E07000245
"747",East of England,E07000245
"733",East of England,E07000245
"1080",East of England,E07000245
"732",East of England,E07000245
"759",East of England,E07000245
"1582",South West,E07000246
"880",North West,E08000003
"1521",North West,E08000003
"837",North West,E08000003
"520",North West,E08000003
"986",North West,E08000003
"431",North West,E08000003
"507",North West,E08000003
"1127",North West,E08000003
"809",North West,E08000003
"571",North West,E08000003
"836",North West,E08000003
"516",North West,E08000003
"505",North West,E08000003
"1126",North West,E08000003
"576",North West,E08000003
"513",North West,E08000003
"402",North West,E08000003
"423",North West,E08000004
"449",North West,E08000004
"439",North West,E08000004
"438",North West,E08000004
"1048",North West,E08000005
"872",North West,E08000006
"446",North West,E08000006
"873",North West,E08000006
"1013",North West,E08000007
"421",North West,E08000008
"842",North West,E08000009
"202",North West,E08000012
"789",North West,E08000015
"1017",North West,E08000015
"469",North West,E08000015
"817",Yorkshire and The Humber,E08000016
"943",Yorkshire and The Humber,E08000017
"786",Yorkshire and The Humber,E08000017
"942",Yorkshire and The Humber,E08000017
"941",Yorkshire and The Humber,E08000017
"937",Yorkshire and The Humber,E08000017
"944",Yorkshire and The Humber,E08000017
"388",Yorkshire and The Humber,E08000018
"369",Yorkshire and The Humber,E08000018
"517",Yorkshire and The Humber,E08000018
"371",Yorkshire and The Humber,E08000018
"968",Yorkshire and The Humber,E08000018
"379",Yorkshire and The Humber,E08000018
"970",Yorkshire and The Humber,E08000018
"965",Yorkshire and The Humber,E08000018
"974",Yorkshire and The Humber,E08000018
"969",Yorkshire and The Humber,E08000018
"1352",Yorkshire and The Humber,E08000018
"975",Yorkshire and The Humber,E08000018
"972",Yorkshire and The Humber,E08000018
"370",Yorkshire and The Humber,E08000018
"575",Yorkshire and The Humber,E08000018
"973",Yorkshire and The Humber,E08000018
"964",Yorkshire and The Humber,E08000018
"967",Yorkshire and The Humber,E08000018
"971",Yorkshire and The Humber,E08000018
"367",Yorkshire and The Humber,E08000018
"660",Yorkshire and The Humber,E08000018
"966",Yorkshire and The Humber,E08000018
"1007",Yorkshire and The Humber,E08000018
"81",Yorkshire and The Humber,E08000019
"83",Yorkshire and The Humber,E08000019
"840",Yorkshire and The Humber,E08000019
"90",Yorkshire and The Humber,E08000019
"87",Yorkshire and The Humber,E08000019
"101",Yorkshire and The Humber,E08000019
"86",Yorkshire and The Humber,E08000019
"1631",Yorkshire and The Humber,E08000019
"79",Yorkshire and The Humber,E08000019
"428",Yorkshire and The Humber,E08000019
"99",Yorkshire and The Humber,E08000019
"93",Yorkshire and The Humber,E08000019
"82",Yorkshire and The Humber,E08000019
"215",Yorkshire and The Humber,E08000019
"103",Yorkshire and The Humber,E08000019
"102",Yorkshire and The Humber,E08000019
"844",Yorkshire and The Humber,E08000019
"92",Yorkshire and The Humber,E08000019
"824",Yorkshire and The Humber,E08000019
"426",Yorkshire and The Humber,E08000019
"95",Yorkshire and The Humber,E08000019
"85",Yorkshire and The Humber,E08000019
"84",Yorkshire and The Humber,E08000019
"460",Yorkshire and The Humber,E08000019
"80",Yorkshire and The Humber,E08000019
"1630",Yorkshire and The Humber,E08000019
"189",North East,E08000021
"190",North East,E08000021
"1470",North East,E08000021
"1471",North East,E08000024
"1059",West Midlands,E08000025
"429",West Midlands,E08000025
"1502",West Midlands,E08000025
"976",West Midlands,E08000025
"1101",West Midlands,E08000025
"1671",West Midlands,E08000025
"1351",West Midlands,E08000025
"1686",West Midlands,E08000025
"1155",West Midlands,E08000025
"1522",West Midlands,E08000025
"913",West Midlands,E08000025
"666",West Midlands,E08000025
"1402",West Midlands,E08000025
"908",West Midlands,E08000025
"1688",West Midlands,E08000025
"455",West Midlands,E08000025
"914",West Midlands,E08000025
"1674",West Midlands,E08000025
"1692",West Midlands,E08000025
"905",West Midlands,E08000025
"1528",West Midlands,E08000025
"1156",West Midlands,E08000025
"462",West Midlands,E08000025
"1104",West Midlands,E08000025
"1672",West Midlands,E08000025
"916",West Midlands,E08000025
"1157",West Midlands,E08000025
"1408",West Midlands,E08000025
"915",West Midlands,E08000025
"977",West Midlands,E08000025
"1158",West Midlands,E08000025
"1103",West Midlands,E08000025
"1675",West Midlands,E08000025
"433",West Midlands,E08000025
"420",West Midlands,E08000025
"1248",West Midlands,E08000025
"419",West Midlands,E08000025
"1576",West Midlands,E08000025
"1687",West Midlands,E08000025
"1690",West Midlands,E08000025
"1553",West Midlands,E08000026
"1560",West Midlands,E08000026
"1559",West Midlands,E08000026
"1623",West Midlands,E08000026
"1555",West Midlands,E08000026
"1558",West Midlands,E08000026
"1554",West Midlands,E08000026
"1556",West Midlands,E08000026
"244",West Midlands,E08000027
"254",West Midlands,E08000027
"243",West Midlands,E08000027
"242",West Midlands,E08000027
"1249",West Midlands,E08000028
"1678",West Midlands,E08000028
"1689",West Midlands,E08000028
"1691",West Midlands,E08000029
"440",Yorkshire and The Humber,E08000032
"1484",Yorkshire and The Humber,E08000033
"1477",Yorkshire and The Humber,E08000033
"1480",Yorkshire and The Humber,E08000033
"1481",Yorkshire and The Humber,E08000033
"1482",Yorkshire and The Humber,E08000034
"1478",Yorkshire and The Humber,E08000034
"1485",Yorkshire and The Humber,E08000034
"1479",Yorkshire and The Humber,E08000034
"1483",Yorkshire and The Humber,E08000034
"1113",Yorkshire and The Humber,E08000035
"1107",Yorkshire and The Humber,E08000035
"1108",Yorkshire and The Humber,E08000035
"1234",Yorkshire and The Humber,E08000035
"1235",Yorkshire and The Humber,E08000035
"1114",Yorkshire and The Humber,E08000035
"1106",Yorkshire and The Humber,E08000035
"1161",Yorkshire and The Humber,E08000035
"1506",Yorkshire and The Humber,E08000035
"1115",Yorkshire and The Humber,E08000035
"1227",Yorkshire and The Humber,E08000035
"1621",Yorkshire and The Humber,E08000035
"1112",Yorkshire and The Humber,E08000035
"1109",Yorkshire and The Humber,E08000035
"1229",Yorkshire and The Humber,E08000035
"1224",Yorkshire and The Humber,E08000035
"1110",Yorkshire and The Humber,E08000035
"1345",Yorkshire and The Humber,E08000035
"1414",Yorkshire and The Humber,E08000035
"1225",Yorkshire and The Humber,E08000035
"1111",Yorkshire and The Humber,E08000035
"1232",Yorkshire and The Humber,E08000035
"1236",Yorkshire and The Humber,E08000035
"720",London,E09000004
"472",London,E09000004
"1187",London,E09000004
"678",London,E09000004
"1670",London,E09000004
"1570",London,E09000005
"697",London,E09000006
"822",London,E09000006
"784",London,E09000006
"693",London,E09000006
"716",London,E09000006
"674",London,E09000006
"725",London,E09000006
"810",London,E09000006
"671",London,E09000006
"558",London,E09000007
"191",London,E09000007
"209",London,E09000007
"685",London,E09000008
"400",London,E09000008
"425",London,E09000008
"1598",London,E09000008
"422",London,E09000008
"302",London,E09000008
"1589",London,E09000008
"688",London,E09000008
"463",London,E09000008
"454",London,E09000008
"453",London,E09000008
"1367",London,E09000008
"694",London,E09000008
"695",London,E09000008
"886",London,E09000008
"707",London,E09000008
"727",London,E09000008
"712",London,E09000008
"681",London,E09000008
"686",London,E09000008
"728",London,E09000008
"208",London,E09000009
"1379",London,E09000009
"207",London,E09000009
"489",London,E09000010
"492",London,E09000010
"1300",London,E09000010
"427",London,E09000010
"430",London,E09000010
"490",London,E09000010
"491",London,E09000010
"474",London,E09000011
"719",London,E09000011
"612",London,E09000011
"295",London,E09000011
"473",London,E09000011
"1552",London,E09000012
"1454",London,E09000012
"1505",London,E09000012
"1622",London,E09000012
"1507",London,E09000012
"1460",London,E09000012
"1449",London,E09000012
"1503",London,E09000012
"1459",London,E09000012
"1510",London,E09000012
"1504",London,E09000012
"1509",London,E09000012
"1512",London,E09000012
"1525",London,E09000012
"130",London,E09000013
"963",London,E09000013
"1514",London,E09000014
"676",London,E09000014
"687",London,E09000014
"1523",London,E09000014
"692",London,E09000014
"451",London,E09000016
"625",London,E09000016
"760",London,E09000016
"675",London,E09000016
"1486",London,E09000016
"1309",London,E09000017
"256",London,E09000017
"1531",London,E09000018
"1165",London,E09000021
"883",London,E09000022
"458",London,E09000022
"205",London,E09000022
"721",London,E09000022
"227",London,E09000022
"436",London,E09000022
"210",London,E09000023
"1599",London,E09000023
"344",London,E09000023
"1637",London,E09000023
"700",London,E09000024
"684",London,E09000024
"125",London,E09000024
"673",London,E09000024
"1585",London,E09000025
"723",London,E09000025
"456",London,E09000025
"1407",London,E09000026
"1176",London,E09000026
"699",London,E09000028
"677",London,E09000028
"1624",London,E09000028
"715",London,E09000028
"1650",London,E09000028
"682",London,E09000028
"724",London,E09000028
"690",London,E09000028
"701",London,E09000029
"654",London,E09000029
"540",London,E09000029
"698",London,E09000029
"668",London,E09000030
"1174",London,E09000031
"1315",London,E09000031
"1538",London,E09000031
"1173",London,E09000031
"1391",London,E09000031
"1172",London,E09000031
"664",London,E09000031
"1175",London,E09000031
"1368",London,E09000032
"236",London,E09000032
"1369",London,E09000032
"1179",London,E09000032
"452",London,E09000032
"1620",London,E09000032
"1370",London,E09000032
"1185",London,E09000033
"1322",London,E09000033
"1573",London,E09000033
"1572",London,E09000033
"1355",London,E09000033
"1184",London,E09000033
"680",London,E09000033
"702",London,E09000033
"111",,S12000017
"108",,S12000017
"124",,S12000017
"217",,S12000017
"277",,S12000017
"278",,S12000017
"362",,S12000017
"120",,S12000017
"284",,S12000017
"118",,S12000017
"670",,S12000017
"212",,S12000017
"107",,S12000017
"110",,S12000017
"109",,S12000017
"117",,S12000017
"114",,S12000017
"112",,S12000017
"514",,S12000017
"282",,S12000017
"330",,S12000020
"310",,S12000020
"308",,S12000020
"317",,S12000020
"300",,S12000020
"307",,S12000020
"1648",,S12000035
"357",,S12000036
"348",,S12000036
"641",,S12000036
"1168",,S12000036
"947",,S12000036
"351",,S12000036
"390",,S12000048
"636",,S12000048
"394",,S12000048
"911",,S12000048
"815",,S12000048
"397",,S12000048
"395",,S12000048
"389",,S12000048
"544",,S12000048
"392",,S12000048
"1331",,S12000048
"897",,S12000048
"391",,S12000048
"1511",,W06000009
"846",,W06000009
"373",,W06000009
"1153",,W06000009
"573",,W06000009
"372",,W06000009
"168",,W06000009
"1196",,W06000009
"366",,W06000009
"1186",,W06000009
"166",,W06000009
"506",,W06000009
"170",,W06000009
"167",,W06000009
"1003",,W06000009
"375",,W06000009
"623",,W06000009
"1102",,W06000009
"361",,W06000009
"1159",,W06000009
"982",,W06000009
"358",,W06000009
"347",,W06000009
"172",,W06000009
"665",,W06000009
"1415",,W06000009
"363",,W06000009
"655",,W06000009
"1177",,W06000009
"1193",,W06000009
"374",,W06000009
"1638",,W06000009
"165",,W06000009
"360",,W06000009
"1677",,W06000010
"1129",,W06000010
"1338",,W06000010
"1679",,W06000010
"839",,W06000010
"950",,W06000010
"1472",,W06000010
"1311",,W06000010
"903",,W06000010
"955",,W06000010
"1125",,W06000010
"1180",,W06000010
"1034",,W06000010
"1698",,W06000010
"1035",,W06000010
"807",,W06000010
"790",,W06000010
"672",,W06000010
"860",,W06000010
"657",,W06000010
"1132",,W06000010
"1489",,W06000010
"1473",,W06000010
"985",,W06000010
"1138",,W06000010
"710",,W06000010
"1181",,W06000010
"1128",,W06000010
"1010",,W06000011
"239",,W06000011
"848",,W06000011
"304",,W06000011
"287",,W06000011
"552",,W06000011
"1076",,W06000011
"560",,W06000011
"871",,W06000011
"794",,W06000011
"563",,W06000011
"862",,W06000011
"858",,W06000011
"288",,W06000011
"1131",,W06000011
"876",,W06000011
"907",,W06000011
"251",,W06000011
"298",,W06000011
"188",,W06000011
"219",,W06000011
"1099",,W06000011
"545",,W06000011
"857",,W06000011
"1005",,W06000011
"568",,W06000011
"1083",,W06000011
"179",,W06000011
"561",,W06000011
"293",,W06000011
"632",,W06000011
"1084",,W06000011
"691",,W06000011
"1075",,W06000011
"264",,W06000011
"299",,W06000011
"781",,W06000011
"616",,W06000011
"1133",,W06000011
"312",,W06000011
"297",,W06000011
"311",,W06000011
"981",,W06000011
"1011",,W06000011
"878",,W06000011
"1130",,W06000011
"240",,W06000011
"547",,W06000011
"319",,W06000011
"1085",,W06000011
"349",,W06000011
"303",,W06000011
"949",,W06000011
"983",,W06000011
"893",,W06000011
"1024",,W06000011
"218",,W06000011
"289",,W06000011
"1136",,W06000011
"617",,W06000011
"863",,W06000011
"1027",,W06000011
"548",,W06000011
"1117",,W06000011
"551",,W06000011
"979",,W06000011
"1137",,W06000011
"900",,W06000011
"859",,W06000011
"1089",,W06000011
"176",,W06000011
"888",,W06000011
"1090",,W06000011
"875",,W06000011
"290",,W06000011
"841",,W06000011
"1119",,W06000011
"220",,W06000011
"1036",,W06000011
"1064",,W06000011
"305",,W06000011
"1116",,W06000011
"1079",,W06000011
"174",,W06000011
"1014",,W06000011
"294",,W06000011
"898",,W06000011
"559",,W06000011
"889",,W06000011
"877",,W06000011
"292",,W06000011
"418",,W06000011
"286",,W06000011
"291",,W06000011
"206",,W06000011
"1680",,W06000012
"1401",,W06000014
"1399",,W06000014
"1602",,W06000014
"1388",,W06000014
"204",,W06000015
"203",,W06000015
"1183",,W06000022
"1323",,W06000022
"238",,W06000022
"265",,W06000022
"232",,W06000022
"237",,W06000022
"336",,W06000022
"1122",,W06000022
"333",,W06000022
"213",,W06000022
"214",,W06000022
"235",,W06000022
"252",,W06000022
"656",,W06000022
"504",,W06000022
"377",,W06000022
"1354",,W06000022
"404",,W06000022
"233",,W06000022
"1194",,W06000022
"1534",,W06000022
"1349",,W06000023
"1341",,W06000023
"1342",,W06000023
"1496",,W06000023
"1160",,W06000024
"1093",,W06000024
"984",,W06000024
"1162",,W06000024
"1190",,W06000024
"1096",,W06000024
"1091",,W06000024
"1008",,W06000024
